ID;Debut;Fin;Statut;Produits HT;Livraison HT;Livraison TTC;Total HT;Total TVA;Total TTC;Comission HT;Comission TTC;Commandes remboursees TTC;Comissions remboursees TTC;Vendeur;Commandes
403;02-11-2020  10:49;;open;264.58;18.67;22.40;283.25;56.64999999999998;339.90;28.33;33.99;0;0;Wilson;VPWBGIXUI,MUQXEHVLU
402;02-11-2020  10:58;;open;0;0;0;0;0;0;0;0;0;0;Test Origami Marketplace;
401;02-11-2020  10:58;;open;0;0;0;0;0;0;0;0;0;0;2CI;
400;02-11-2020  10:58;;open;149.92;0.00;0.00;149.92;29.980000000000018;179.90;20.99;25.19;0;0;Chalet-Jardin;FNBJDKLVM
399;02-11-2020  10:48;;open;208.00;0.00;0.00;208.00;42;250.00;25.00;30.01;0;0;LSC Maintenance;MWGYXLEYX,WJBCFMTWQ
398;02-11-2020  10:48;;open;1116.73;95.75;114.90;1212.48;242.51999999999998;1455.00;157.62;189.15;0;0;Huck Occitania;ATZENHIOI,LOFOQRXRC,SLDVBGEMA
397;02-11-2020  10:48;;open;777.94;163.14;195.76;941.08;188.2499999999999;1129.33;112.94;135.54;0;0;Cress Sport;XFSREIBOC,BDNATNILP,TRVUJFBRJ,GEYBHOVCL,CFXYHJEVO,CQTLHAXWS,JTGECQOKG,VKAPHLTCS,HOOZGZSFZ,QEUWIRTAD,ALPQIYVNG,EINKKZGRV,UHSWVEAVG,NIFPWXWXZ,GAAOQMVSK,JFQEALAOE,VKCKAHCSU
396;02-11-2020  10:47;;open;66.66;0.00;0.00;66.66;13.320000000000007;79.98;8.00;9.60;0;0;Jumbee;NHPVOEEAP,OOFLUFOZQ
395;02-11-2020  10:47;;open;134.80;27.30;32.76;162.10;32.41;194.51;17.82;21.39;0;0;SCFR Impex;KWSOKRNOH,FZVTZGLKQ,WUWJVJLZX
394;02-11-2020  10:47;;open;0;0;0;0;0;0;0;0;0;0;Innoquipe;
393;02-11-2020  10:46;;open;113.76;10.79;12.95;124.55;24.89999999999999;149.45;14.95;17.93;0;0;VW Sports;BUSZWNTSV
392;02-11-2020  10:46;;open;2018.30;66.62;73.28;2084.92;410.3600000000001;2495.28;270.24;270.24;0;0;Netsportique;JNODLVZCJ,TQSOTOPIO,QMQECNQQA,HNRVIWUCD,TUDKYQHQB,FZZRKSJCX,NHPVOEEAP,VDYCPHYQY,XPEVDEIXY,WAVBKFUWY
391;02-11-2020  10:46;;open;0;0;0;0;0;0;0;0;0;0;SLS Distribution;
390;02-11-2020  10:45;;open;36.00;0.00;0.00;36.00;7.200000000000003;43.20;4.68;5.62;0;0;CMJN IMPRESSION;VDLUGKQZH
389;02-11-2020  10:45;;open;474.14;94.15;112.98;568.29;113.63999999999999;681.93;68.21;81.83;0;0;CLICK FOR TENNIS;TRVUJFBRJ,VVPXZBBVE,KWSOKRNOH,XAHYYDBZT,PBSFWWBEV,HOOZGZSFZ,GGAPYBYII,WUWJVJLZX,GSRCUODPQ,NIFPWXWXZ,FTRMIKWOS,NHPVOEEAP
388;02-11-2020  10:45;;open;0;0;0;0;0;0;0;0;0;0;Tennis Scorer;
387;02-11-2020  10:44;;open;0;0;0;0;0;0;0;0;0;0;CIDI Event;
386;02-11-2020  10:44;;open;39.84;8.58;10.30;48.42;9.68;58.10;5.81;6.97;0;0;Ballbox;GGAPYBYII
385;02-11-2020  10:44;;open;0;0;0;0;0;0;0;0;0;0;Tupi caoutchouc;
384;02-11-2020  10:43;;open;477.18;39.30;47.16;516.48;103.27999999999997;619.76;43.39;52.06;0;0;EXTREME TENNIS;RPITIHSWB,KCGMKKCKY,TCTWHQAFT,HCAWDDIPH,ZVUDHXSNB,OPOBAYTHO,CWZWERVMN
383;02-11-2020  10:43;;open;0;0;0;0;0;0;0;0;0;0;PADEL BEACH;
382;02-11-2020  10:43;;open;512.50;93.33;112.00;605.83;121.16999999999996;727.00;72.70;87.24;0;0;Plastimark France;CKGEXFGFW,EJQNSBCNO
381;20-10-2020  08:11;;open;0;0;0;0;0;0;0;0;0;0;MATCHPOINT PRO SHOP TENNIS EAUBONNE;
380;15-10-2020  13:19;02-11-2020  10:43;close;49.80;37.50;45.00;87.30;17.460000000000008;104.76;10.48;12.57;0;0;Plastimark France;XFSREIBOC
379;15-10-2020  13:19;02-11-2020  10:43;close;278.00;0.00;0.00;278.00;0;278.00;30.12;36.14;0;0;PADEL BEACH;XRRTQTFPR,XPLTVRYBW
378;15-10-2020  13:19;;open;0;0;0;0;0;0;0;0;0;0;Tween;
377;15-10-2020  13:19;02-11-2020  10:43;close;1097.46;111.10;133.32;1208.56;241.60000000000014;1450.16;101.50;121.82;52.89;4.44;EXTREME TENNIS;RHDWQRYYW,JUJUISXNO,RTZUCPADZ,EOPMZSDIJ,MKPLXSJOJ,GJOVIWWXA,CBITTNGNP,XCNVTLYFB,IFTEHQGAW,ZPMTUVOUT,BQIYAQKXJ,PFRYDNKOV,AVHJMYSGU,GNDALTXJQ,YHAUCCBFV,ESYMIAHUD,TPANUGPOR,TPFYONBWL,EKNFMRTHO
376;15-10-2020  13:19;02-11-2020  10:44;close;41.75;11.45;13.74;53.20;10.64;63.84;6.38;7.66;0;0;Tupi caoutchouc;TRVUJFBRJ
375;15-10-2020  13:19;02-11-2020  10:44;close;15.93;6.88;8.26;22.81;4.57;27.38;2.74;3.29;0;0;Ballbox;GJOVIWWXA
374;15-10-2020  13:19;;open;0;0;0;0;0;0;0;0;0;0;Vendeur Carte Cadeau;
373;15-10-2020  13:19;02-11-2020  10:44;close;67.00;35.00;42.00;102.00;20.400000000000006;122.40;12.24;14.69;0;0;CIDI Event;EGKGQEJVA
372;15-10-2020  13:19;02-11-2020  10:45;close;2135.18;93.35;112.00;2228.53;445.6899999999996;2674.22;267.43;320.91;0;0;Tennis Scorer;OYHAOXSBO,WRYAPVRXF,XNUQZBYOW,WBTCTIXIZ,OFFRHNKJD,EILGOIILM,CTIQBWFET,XLCCCMONM,ZLEKVAKGB,ZYQWMANPE,OYYAWPWUS,MHPDHZKPK,YKTCFRMTZ,YDTNUETAN
371;15-10-2020  13:19;;open;0;0;0;0;0;0;0;0;0;0;Manutan Collectivités;
370;15-10-2020  13:19;02-11-2020  10:45;close;1371.92;203.30;243.96;1575.22;291.06999999999994;1866.29;186.66;223.94;60.18;7.22;CLICK FOR TENNIS;LKJILMBKZ,SJMRWOSMU,OJZBOOQHJ,RKEJJZLMU,RTLGHFNVK,IFZKGTRHF,ZYQWMANPE,RHDWQRYYW,LRSTQZKVJ,RMVGTMTXD,OQLPEDJLH,FBMFSKXBO,BZLBUOSIO,AFVCYOVFB,GPCHVLYBQ,LELAIZNNI,TMMZDOQGE,NUCYSHSCW,RYBJJVJPZ,IHRMAFSFI,CFXYHJEVO,BFCSESZXY,IVRNNRVSF,HEAZNPOHR,UMXWUIPGU
369;15-10-2020  13:19;02-11-2020  10:45;close;853.25;0.00;0.00;853.25;170.64999999999998;1023.90;110.93;133.10;0;0;CMJN IMPRESSION;PIRLCDVHM,BBMZNCWEM,CTIQBWFET,YYPSBXOMO,NTZLDSCSJ,UNQCIYOCQ,YSMEQWBWC,PFEDFJOLF,YHUFNUCUH,DYFGBCKFS,KOUNUPJDU
368;15-10-2020  13:19;02-11-2020  10:46;close;73.26;35.00;42.00;108.26;21.64;129.90;12.99;15.60;0;0;SLS Distribution;JHOLZRVUA,ECJYRALWS,EJQNSBCNO,GAAOQMVSK,HXPOZFLVQ
367;15-10-2020  13:19;02-11-2020  10:46;close;12055.48;245.62;265.60;12301.10;2431.2700000000004;14732.37;1565.67;1565.67;0;0;Netsportique;CRARIYGZY,VVPXZBBVE,NTYAPXMIF,GEYBHOVCL,SMFLEAFGF,ZPUZJLFMP,GLFYUPKSY,ZLEKVAKGB,IFZKGTRHF,UXQHDWHKL,ICRQQCMUO,OYYAWPWUS,JMSBWLCET,JDLCQWYVH,ZJNCAIXMG,YXFOQRDED,RJQKRTZDZ,YHUFNUCUH,TTJAOYGEL,HSSLCTDVW,AHYPAJNBB,HKNYWPGYM,NVEEPEIQO,YDSNCQXPO,TDICJUBTY,KOUNUPJDU,DDOOKWYGW,BKXCNQCRO,TKAWZLBBP,QHMDYNBDT,VOEBLWCFI,YQFQUPAZU,LOFOQRXRC,PBSFWWBEV,VKAPHLTCS,CZUIHTMRI,ZZCSCXRXP,TGPKTUGCI,UHSWVEAVG,YNYDXGGAZ,GAAOQMVSK
366;15-10-2020  13:19;02-11-2020  10:46;close;2010.33;259.29;311.15;2269.62;452.6700000000001;2722.29;272.24;326.70;0;0;VW Sports;HZICQIMNX,SOIGSIWWW,MZTFSPBSU,RVVHCGXHK,MIQKITMRR,MHPDHZKPK,JPHBANHIM,YDSNCQXPO,JYQUQPYYS,GPCHVLYBQ,HSNPWIKKF,JTGECQOKG,BBZDORPCG,TGPKTUGCI
365;15-10-2020  13:19;02-11-2020  10:47;close;1168.32;140.20;170.00;1308.52;263.48;1572.00;170.30;204.36;0;0;Innoquipe;TRVUJFBRJ,RJSFIIXWC,LKJILMBKZ,AIBDOWSPY,XLCCCMONM,BNIBBNSJR,ICRQQCMUO,NKALHOZNN,RMVGTMTXD,MITAGBKCY,LTDGVQFMZ,EJQNSBCNO,TKSEIZRAK,CFXYHJEVO,CQTLHAXWS,JNODLVZCJ,ZVXOBXWCF,VKAPHLTCS,HOOZGZSFZ,BHFHUERGS,ALPQIYVNG,EINKKZGRV
364;15-10-2020  13:19;02-11-2020  10:47;close;229.10;55.30;66.36;284.40;56.860000000000014;341.26;31.27;37.54;0;0;SCFR Impex;VVPXZBBVE,SMFLEAFGF,RTLGHFNVK,ALEKAAIJG,GAPABJXCM,TDICJUBTY,RYBJJVJPZ
363;15-10-2020  13:19;02-11-2020  10:47;close;66.66;3.99;4.79;70.65;14.11999999999999;84.77;8.48;10.17;0;0;Jumbee;VVPXZBBVE,WEMLYJRDO
362;15-10-2020  13:19;02-11-2020  10:48;close;497.88;91.48;109.78;589.36;117.91999999999996;707.28;70.73;84.89;0;0;Cress Sport;NKALHOZNN,IUQOVEVPI,RMVGTMTXD,BZLBUOSIO,KPQMBLDBM,ECJYRALWS,TDICJUBTY,TKSEIZRAK
361;15-10-2020  13:19;02-11-2020  10:48;close;5202.90;436.68;524.01;5639.58;1127.58;6767.16;733.15;879.77;311.10;40.44;Huck Occitania;CSOJNFPDA,FDFSQBPXX,MRHTFQPFM,ZVKYAYFUH,MQRNDOMWX,NVVRRSQMA,XFLXWKYHU,EKTKTKVQM,IFZKGTRHF,RHDWQRYYW,HYKGOPDQQ,GFSRXHIQV,FBXMZJXUF,RDEBMQNON,UUZPEUHUS,VOEBLWCFI,HIAWJVDPK,QOFBUXIYO,XITYSSZQS
360;15-10-2020  13:19;02-11-2020  10:48;close;1716.00;0.00;0.00;1716.00;346.5;2062.50;206.27;247.53;0;0;LSC Maintenance;SQDUBSVBW,BTNXJTYPC,XWQHQZKVO,GOPITYVAB,UUSLQVNXA,UBPEEHPCF,EZAPMBNMA,IURVJXIER,KWGTJEAFT,LWRLGTLJA,UPMMFLUAK,EKHJZECOC,IVIBOJCDI,WDBEPYFQF,WYIOWYKJD,IJNDMDUBH,CHHCSWTBB,UZHNBKKXP,NXIJGSLAG,FMRINYUGX,WFYVJNWJH,FRZRRIBRQ
359;15-10-2020  13:19;;open;701.00;53.00;63.60;754.00;150.79999999999995;904.80;105.56;126.67;0;0;Iteuil sports;HSSLCTDVW,VQVPXYSNI
358;13-10-2020  15:17;;open;0;0;0;0;0;0;0;0;0;0;Editions Amphora;
357;08-10-2020  14:28;;open;6981.85;787.20;942.14;7769.05;1493.4000000000005;9262.45;926.25;1111.47;162.00;19.44;Casal Sport;BWAUWXCAE,JQGAEBFCA,HBLSCXYLL,VFTYXBSIR,YPSLJQOYW,SIZMKEPIW,LNNIBOMYN,XZAXFAPGY,ECNMRTVDW,RRPTNLGLA,XWKCRDZBI,BQXBTCPTV,SSMHWHKNB,RVEUBTGAV,WPMPHTLHS,MCIJZULIQ,QNXAXSNPJ,IIWTPCFNS,LTZLBILEX,VYABZFPIK,LBVSXUQNI,IHZEMMWII,QKMLGVLHZ,OFTGOVDDO,CFSYIHNFA,MWIKEDJJC,UGSNBIFCQ,HLVPQIIPW,JOCHJXDKZ,HKJCPAHPJ,SJFHJVESW,NYXBDYLLQ,NAEFSJBXD,NRWHPRKRG,EOESHMRWC,ZDSBOGSRA,NGWJNFXJR,QISKSIZHE,CGEUWIYBQ,KJMSBHMQE,XYWFZWLNE,OPXUMOZPS,WMDNQVIRN,AEOXQFMND,SAIORATKY,IAAKQLLNQ,KACPWRYBN,POAYLDHCT,BMWADUMYJ,GKWPROHPP,XFSREIBOC,TXMIWHTMU,GNSOLRBFN,VVPXZBBVE,VSFOYKLJX,IKIEJVUVX,HIAPQJZAW,UQSZRWTTZ,QKEFRWXBF,IFZKGTRHF,BNIBBNSJR,ZYQWMANPE,JHOLZRVUA,YSMEQWBWC,PCRYCYZSX,KYZFWWJMY,ERRTUEXRX,COPZSAJDC,GPCHVLYBQ,JTGECQOKG,XAHYYDBZT,ABBTEBQUJ,VKAPHLTCS,HOOZGZSFZ,QEUWIRTAD,WEMLYJRDO,LPMUXSTGM,GGAPYBYII,NIFPWXWXZ,FTRMIKWOS,JSGMLVLTV
356;08-10-2020  14:09;08-10-2020  14:28;close;25.45;12.90;15.48;38.35;7.670000000000002;46.02;4.60;5.52;0;0;Casal Sport;BWESGMVQQ
355;08-10-2020  13:27;08-10-2020  14:09;close;1522.20;170.80;204.96;1693.00;338.51;2031.51;203.16;243.76;0;0;Casal Sport;UUINJMKTF,LKJILMBKZ,FFEHNPTAN,GEYBHOVCL,AIBDOWSPY,ZFCCEKPWB,XLCCCMONM,ICRQQCMUO,NKALHOZNN,LRSTQZKVJ,RMVGTMTXD,OQLPEDJLH,GJOVIWWXA,YSSXRLVPY,CQTLHAXWS,ODWZAJCBB,APIVCOYWC,DDNNSWILT
354;08-10-2020  12:02;08-10-2020  13:27;close;707.76;206.40;247.68;914.16;182.79000000000008;1096.95;109.69;131.63;0;0;Casal Sport;XMGTUUGHO,SMYSVFHNJ,NIWHRKQUK,EFCKMHOBN,YOCYAHIOT,FTRJIWMBH,AINFWZUTF,EPHVTZBNK,RUCVIGYMV,RKEJJZLMU,XFLXWKYHU,PNYRZOTHX,JDLCQWYVH,ARVFRHRZL,FBMFSKXBO,BZLBUOSIO
353;06-10-2020  13:50;;open;0;0;0;0;0;0;0;0;0;0;Horizon Sport;
352;06-10-2020  16:29;08-10-2020  12:02;close;1556.58;168.50;202.20;1725.08;344.9200000000001;2070.00;206.99;248.43;0;0;Casal Sport;OUMAYXZCL,ALAKGNVNF,GWMDYMUMZ,ZZCKKVOEB,OYMUJGFAD,XYGHHJUHM,FDCLMJUHA,BODKDRTDN,NZEQDVZGU,RNQCBXIBP,HHLNSIBZL,DXXZEIKEL,OMKHXFFYT,LAKSCSDCG,EMHKZXEHU,TRVUJFBRJ,NNCUTNWYL
351;06-10-2020  13:29;;open;20883.34;27.00;32.40;20910.34;4181.8499999999985;25092.19;2509.22;3011.08;0;0;Sodex International;DNBFWEZRE,NACLDUVWJ,OWMKQRSVD,XDIVCOGIW,QBYPELOOE,RDFTHBPIJ,ZDVKLQPJU,BFKUPRELH,RDCIDALIP,MBLGTSQUE,MSCQIBCZF,AWIXWJYJO,OUNXRRZPG,VHZTUEAFM,YPKVXBVSM,BHESPUOZL,PBELXINGO,LKLYELHFS,RARKIQDLU,LLNRNTGSB,MKVECDVWU,PVKNGBMWL,QZNFAEFZZ,BOJAADEOD,CABGCWHDJ,KSTITTQFX,WVRTNOMWG,EMPWKWAKA,HUISWSZNE,NGPACUHZE,QYPALBZBH,EWQBXOKVJ,JLFIPVZOB,BPLAIXGWR,KNSGBNHYQ,IVUOPOVBZ,NKBYCPGVL,JHMTYRJTL,MHPRYHJQK,ROKYAKYEB,ZBRJQPYHH,RVVYIIUJB,JNOSGDVOW,ZPHZCPUGJ,IQHHAJNYS,ORULFEVJR,GPTTUGHTE,OVBHHNSQF,OGGBNOCKB,VZRIPXVUG,QUXVQERFL,MGPTJLXSY,RMSDIRZJA,GLQCUDTBZ,TINHVFSLQ,GFDRVVKBD,NAMSGIWGW,EGKGQEJVA,VGCJHITIQ,OGRVVYLDM,XWDQNHIDP,ZALVATDOK,DSVFEQIPX,PRKDHAWJU,LGYJEKSAU,BKCRIJZTG,VLSIZKYKN,LXEUMPZYC,PLDHKDUCD,USKLLIUGU,VBWSTKGEB,GYWPEWKZM
350;05-10-2020  14:23;06-10-2020  16:29;close;1298.66;183.50;220.20;1482.16;244.48000000000002;1726.64;172.63;207.19;0;0;Casal Sport;SGXFSRPGX,HNFEGPCHB,YNIXMJNAV,XFXWZQHCM,MKKYOWXXR,MBOXFQLHJ,WZJJQHWQW,PCGXODLGV,HRQBOEAED,VDLVSJQIC,WFHTRJKMG,JEJFNNGBG,GJIFXCTIZ,FJPWHLUDV,AJEMQXNRL,FHFAUKPNT
349;02-10-2020  14:43;;open;0;0;0;0;0;0;0;0;0;0;Tie Break le Havre;
347;01-10-2020  13:22;;open;0;0;0;0;0;0;0;0;0;0;Esprit Tennis Bordeaux;
348;01-10-2020  13:35;;open;0;0;0;0;0;0;0;0;0;0;L'Atelier Sportif Saint Etienne;
346;01-10-2020  13:32;05-10-2020  14:23;close;250.01;33.70;40.44;283.71;27.170000000000016;310.88;31.09;37.30;0;0;Casal Sport;YQGFLYASF,HAZGBDDWJ,EZKHAFQYV
344;30-09-2020  16:08;15-10-2020  13:19;close;135.00;18.00;21.60;153.00;30.599999999999994;183.60;21.42;25.70;0;0;Iteuil sports;NMJXFFVPI
345;30-09-2020  16:08;02-11-2020  10:49;close;201.67;30.94;37.12;232.61;46.50999999999999;279.12;23.26;27.91;280.72;28.07;Wilson;KCGMKKCKY,CEFWOZTUN,RQKCMOMZW,VMDFLWXWK
339;30-09-2020  16:08;15-10-2020  13:19;close;2360.80;0.00;0.00;2360.80;476.6999999999998;2837.50;283.81;340.57;0;0;LSC Maintenance;YWHCJKCIR,OSXDLEWAQ,XAEWVPALZ,NNWRMNPSZ,JFITFTJKA,NSWHKYIOY,WGIVCHDGJ,FVWVHTQAN,YQLOEQKLL,VEKSCKABK,IYPTACUWA,BKDERIQOY,YJMEMDLDU,WKRRPUUVY,SMWIVSBTU,GSAPNJZYS,PFMQHHHQR,YOVXLMSCN,WRFLMZJNR,MFOQKOEKA
340;30-09-2020  16:08;15-10-2020  13:19;close;6900.56;460.91;553.09;7361.47;1471.999999999999;8833.47;956.99;1148.42;64.50;8.39;Huck Occitania;FTWJJPFMR,CUTLBZGCI,NKBYCPGVL,STHMYTWIT,CHCKEIRWW,MHPRYHJQK,DIAMMAOYV,DGPAQPLJR,VHEKPGTIW,BKHDTGXLH,EEXLDEWDW,PQRWMIYNN,GONUQSMYM,IQXCMHLVB,EFCKMHOBN,TELWCMQHD,IKBDLFUAP
341;30-09-2020  16:08;15-10-2020  13:19;close;707.14;127.88;153.45;835.02;167.02999999999997;1002.05;100.21;120.24;16.20;1.94;Cress Sport;ZZCKKVOEB,OYMUJGFAD,FDCLMJUHA,GKWPROHPP,OMKHXFFYT,LAKSCSDCG,XNUQZBYOW,TXMIWHTMU,NWKIJIGMZ,VSFOYKLJX,AINFWZUTF,FFEHNPTAN,IFZKGTRHF,LRSTQZKVJ,BQIYAQKXJ
342;30-09-2020  16:08;02-11-2020  10:58;close;83.25;0.00;0.00;83.25;16.650000000000006;99.90;11.65;13.99;0;0;Chalet-Jardin;GPCHVLYBQ
343;30-09-2020  16:08;15-10-2020  13:19;close;266.64;11.97;14.37;278.61;55.68000000000001;334.29;33.44;40.11;0;0;Jumbee;BMWADUMYJ,FDCLMJUHA,XNUQZBYOW,FNAENDKLR,NNCUTNWYL,NWKIJIGMZ,RLXOSZDHA
334;30-09-2020  16:08;15-10-2020  13:19;close;802.75;124.10;148.92;926.85;185.32000000000005;1112.17;101.96;122.35;0;0;SCFR Impex;ROSUFNPRI,NAMSGIWGW,DGEQQCDVV,BMWADUMYJ,VDQURQWJX,TXMIWHTMU,UUINJMKTF,EQITLYWJB,YOCYAHIOT,QPRBYMNIM,IMOBAFDLB,CQCRPHKFG,EKTKTKVQM
335;30-09-2020  16:08;15-10-2020  13:19;close;1443.33;135.00;162.00;1578.33;315.6700000000001;1894.00;205.17;246.23;0;0;Innoquipe;AXRGVZBLK,KACPWRYBN,ZZCKKVOEB,BMWADUMYJ,XYGHHJUHM,MUOGWHJPI,DXXZEIKEL,OMKHXFFYT,NALOINCVM,LAKSCSDCG,XNUQZBYOW,TXMIWHTMU,FNAENDKLR,NNCUTNWYL,MZERRMMDY,IKIEJVUVX,RUCVIGYMV,XFLXWKYHU,RTLGHFNVK
336;30-09-2020  16:08;15-10-2020  13:19;close;6532.22;1207.24;1449.56;7739.46;1549.0999999999995;9288.56;928.87;1114.65;642.40;77.09;VW Sports;VZRIPXVUG,IDKBRQDYE,ULQDYJMIM,TXUVDKUYR,KDPJFJGEN,YUAMXPHDA,JRFIKPFWX,SAIORATKY,PQBFUNLRC,WSJULQRJD,LKYTXDNPI,VQCQJRBBN,BMWADUMYJ,NZEQDVZGU,XJLJTDGLA,TDOYSIBGZ,AMDWSQRFK,XVFEKDQBE,ELNQKTMTU,RDJVNRNPH,OFFRHNKJD,JFITFTJKA,OGKYCXFBK,UQSZRWTTZ,KLHALDXRW,MJBMZWKXN,PZFLFXOJG,MMRPDABAL
337;30-09-2020  16:08;15-10-2020  13:19;close;7079.16;224.70;233.85;7303.86;1425.0100000000011;8728.87;804.37;804.37;0;0;Netsportique;EPCYPZPNE,SSEAXMIYW,YGPHIAJIN,QWTOGVJXF,YEEYGVSJX,CWWMNJCYG,ZUIKJVYXE,USKLLIUGU,DGEQQCDVV,VQCQJRBBN,BMWADUMYJ,DOGWYTPXQ,FDCLMJUHA,BKHDTGXLH,MAINPOEBR,UXQUYZJJD,IQXCMHLVB,MUOGWHJPI,OCHSENNEB,LHFEEEKHX,DXXZEIKEL,AMDWSQRFK,ITTNOQUEP,XVFEKDQBE,MRPKZJHHJ,FNAENDKLR,JJJHAVPYP,OFFRHNKJD,SNARYBIVX,EWJMYTDJP,YHVAIMQGW,VLMIDKMRT,TYARHZHUC,VDLUGKQZH,KUERKFJTZ,AINFWZUTF,QPRBYMNIM,ZPSCJFPQN,BRBLCBZTG,UBVRRWXSR,RUCVIGYMV,GSAPNJZYS,PBVNTSVOL,EKTKTKVQM,JDHGRANCU,XLCCCMONM,HZSXBGLGB,QKEFRWXBF
338;30-09-2020  16:08;15-10-2020  13:19;close;168.33;42.00;50.40;210.33;42.06999999999999;252.40;25.24;30.30;0;0;SLS Distribution;FDCLMJUHA,CKANTYZDR,FNAENDKLR,NNCUTNWYL,DPMJPJNCI,QUMAMEZWT
330;30-09-2020  16:08;15-10-2020  13:19;close;699.50;0.00;0.00;699.50;139.89999999999998;839.40;90.93;109.13;0;0;CMJN IMPRESSION;JWEJPBRMW,SKITHVGRF,WHNBNGNXZ,JJKMCJGXN,AWYJNZQOU,GIXYYYHFC,PPSMSBIWA
331;30-09-2020  16:08;15-10-2020  13:19;close;2896.76;378.23;453.88;3274.99;654.9900000000002;3929.98;394.52;473.37;0;0;CLICK FOR TENNIS;HYKEYPBNF,EXNKWFOAZ,VXMKLXGWX,QRQGDXQYM,ABYLSVYAR,UFRFZXLVZ,AXRGVZBLK,SAIORATKY,QIQBCIAAR,OTUZSOBNR,IAAKQLLNQ,YJRGKAOJT,OYMUJGFAD,JVMOKXHBW,UZDDKZWXH,SPGOGPLFC,NZEQDVZGU,VBWSTKGEB,RNQCBXIBP,FICPZTURZ,NUUZAOWRQ,OJLGPSEVQ,DXXZEIKEL,OMKHXFFYT,NALOINCVM,TXMIWHTMU,DNAALYVPZ,EQITLYWJB,CIJSKLVRZ,GTGDTDWFB,UQSZRWTTZ,CXIRMRUYR,MGHGISPVA,AINFWZUTF,FFEHNPTAN,PTVFXFHCD,XFLXWKYHU,AIBDOWSPY,TBVKCTSFJ,ZFCCEKPWB
332;30-09-2020  16:08;15-10-2020  13:19;close;947.72;123.00;147.60;1070.72;214.12999999999988;1284.85;128.48;154.18;0;0;Manutan Collectivités;DLGMITAAN,KNWQKIHLS,SUWONANQQ,QYYIYJTLL,NCDYRVBZC,YIMAJEKLM
333;30-09-2020  16:08;15-10-2020  13:19;close;2139.24;46.67;56.00;2185.91;437.1500000000001;2623.06;262.33;314.78;0;0;Tennis Scorer;BKCRIJZTG,DRAZKVFFW,SLZXEMGOG,YUAMXPHDA,ROREMTHIH,BRYDYECXX,ALAKGNVNF,YEEYGVSJX,KACPWRYBN,BFWGYHSQI,GRMLULZYD
329;29-09-2020  13:12;01-10-2020  13:32;close;51.01;12.90;15.48;63.91;5.38000000000001;69.29;6.93;8.31;0;0;Casal Sport;PDAERHEJR
328;28-09-2020  12:18;;open;0;0;0;0;0;0;0;0;0;0;Parolai Stil'Eco;
327;25-09-2020  12:03;;open;0;0;0;0;0;0;0;0;0;0;Contours/GameCam;
325;23-09-2020  12:08;;open;0;0;0;0;0;0;0;0;0;0;Karanta Strasbourg;
326;23-09-2020  12:22;;open;0;0;0;0;0;0;0;0;0;0;Karanta Illkirch;
324;22-09-2020  14:05;29-09-2020  13:12;close;632.03;62.40;74.88;694.43;138.88;833.31;83.33;100.00;0;0;Casal Sport;XAKSZFDGF,DHHJDKLUF,WEYSPNCYJ,ZGCKLPKFQ,JJKMCJGXN,SSEAXMIYW,ZDUKKLPZL
322;01-09-2020  12:33;30-09-2020  16:08;close;90.00;0.00;0.00;90.00;18;108.00;11.70;14.04;0;0;CMJN IMPRESSION;TINHVFSLQ,CPYUWDJZN
323;01-09-2020  12:33;30-09-2020  16:08;close;3615.69;361.85;434.22;3977.54;792.5799999999999;4770.12;482.79;579.32;0;0;CLICK FOR TENNIS;PEGORUPWI,HBHOJGNHE,UMMDQQFGF,MTTHFMIAS,SGRWAJMLX,NMESIYHFP,GQDAQWUMS,PQODHLIHK,EGKGQEJVA,WHNCOCLKG,PZNFMNYYM,ULQDYJMIM,XYZZMJKMS,GEWAZWNQE,JFSGKNSUR,LDHLJWZBC,IRCUODDRT,SSEAXMIYW,GIXYYYHFC,ZDUKKLPZL,PPSMSBIWA,ALAKGNVNF,GWMDYMUMZ,JMFAETDUA,KACPWRYBN
321;15-09-2020  17:51;30-09-2020  16:08;close;396.71;61.50;73.80;458.21;91.64000000000004;549.85;54.98;65.99;0;0;Manutan Collectivités;WGUKNGKIR,YUAMZMASM,LZUUZMAUR
320;15-09-2020  20:10;30-09-2020  16:08;close;370.26;16.67;20.00;386.93;77.37;464.30;46.43;55.72;0;0;Tennis Scorer;TINHVFSLQ,EGKGQEJVA,VGCJHITIQ
319;15-09-2020  20:09;30-09-2020  16:08;close;287.69;50.10;60.12;337.79;67.54999999999995;405.34;37.15;44.58;0;0;SCFR Impex;GPTTUGHTE,HYKEYPBNF,YIANQFMJD,PZNFMNYYM,GIXYYYHFC
318;15-09-2020  20:08;30-09-2020  16:08;close;2516.24;240.20;290.00;2756.44;553.06;3309.50;358.52;430.24;50.00;6.50;Innoquipe;LNPKQSREJ,HBHOJGNHE,GAWMOGLAM,MTTHFMIAS,GQDAQWUMS,NAMSGIWGW,EGKGQEJVA,GEWAZWNQE,CPYUWDJZN,HKMUZNEEP,EXNKWFOAZ,SKITHVGRF,CSVZHYHHN,TMZEVVWZL,JJKMCJGXN,XMGTUUGHO,OUIRJCSKZ,QRQGDXQYM,ZDUKKLPZL,SAIORATKY,BHHHUXFOY,IAAKQLLNQ,DGEQQCDVV,VHNQVQCRK,JPNLGTRPZ,BODKDRTDN,CBWBNPFVF,IGRWLVLSR,KTCEODTCK,NNLWDAFIA,QRGUBLMFU
317;15-09-2020  20:07;15-10-2020  13:19;close;380.00;121.00;145.20;501.00;100.20000000000005;601.20;60.12;72.14;0;0;CIDI Event;EZKHAFQYV,QIQBCIAAR,QIQBCIAAR
316;15-09-2020  20:05;;open;0;0;0;0;0;0;0;0;0;0;Sveltus;
315;15-09-2020  19:50;30-09-2020  16:08;close;1081.91;222.00;266.40;1303.91;260.75;1564.66;156.47;187.76;0;0;VW Sports;HNASPRBVK,QLAYSIUGV,GYPATMGSN,SYVFYLEID,RIGTKNFRU,CWVWYBCJV,PPSMSBIWA,OTUZSOBNR,RCMYCFYNV
314;15-09-2020  17:51;30-09-2020  16:08;close;4176.60;141.56;164.01;4318.16;857.8100000000004;5175.97;524.39;524.39;0;0;Netsportique;DLGMITAAN,MTTHFMIAS,MRQGNSBUC,EGKGQEJVA,HNASPRBVK,DGWXRVZUA,CQTLBYFCR,CPYUWDJZN,TEMUMKXMO,IRCUODDRT,ASOYELMLQ,AWYJNZQOU,WQQXSBPDE,YUAMXPHDA,GIXYYYHFC,QONAHPMME,AEOXQFMND,WCDHVNZBC,EXMVBNQWR,IBNKWBZPZ,OYMUJGFAD,UZDDKZWXH
313;14-09-2020  13:35;06-10-2020  13:29;close;5905.33;0.00;0.00;5905.33;1181.0500000000002;7086.38;708.63;850.36;126.56;15.19;Sodex International;GNHXEIHCL,KDPJFJGEN,YUAMXPHDA,GIXYYYHFC,CPWAFHETM,MYGUCPWCW,MQYPCNRPO,YGPHIAJIN,QITPHLHFJ,WQELOMUSM,VQCQJRBBN,BMWADUMYJ,NZEQDVZGU,GXIZRVRTO,NIWHRKQUK,OMKHXFFYT,NALOINCVM,ITTNOQUEP,OFFRHNKJD,MZERRMMDY,LASHLDZME,VZZRIMPFK,IKIEJVUVX,KUERKFJTZ,MJLESTHGF,RSYAVWMTL
311;07-09-2020  09:02;22-09-2020  14:05;close;742.31;99.00;118.80;841.31;168.2600000000001;1009.57;100.96;121.15;0;0;Casal Sport;WJYLXIEVR,MBAHVIURJ,HZITGUWAQ,MIVHQJUME,QPAPMJWHB,WLLFZMQMZ,TXFBLGOUG,GHPEPYEUW,SNGQYKWEC,ULCQWNRMK
310;02-09-2020  11:58;;open;0;0;0;0;0;0;0;0;0;0;TERBASOL;
309;25-06-2020  11:14;15-10-2020  13:19;close;400.00;0.00;0.00;400.00;0;400.00;43.33;52.00;400.00;52.00;Vendeur Carte Cadeau;XREROIJHB
308;01-09-2020  12:33;;close;349.02;20.00;24.00;369.02;69.04000000000002;438.06;47.46;56.95;0;0;CLICK FOR TENNIS;JVRQVINHB,WGBJDPRLX
303;01-09-2020  12:33;15-09-2020  17:51;close;1653.29;33.28;39.09;1686.57;336.47;2023.04;219.15;219.15;124.99;13.54;Netsportique;AGUXHPUMW,IHUEIKHJY,TINHVFSLQ,UWBOWAKFM,NAMSGIWGW,WHNCOCLKG,VQHHUAKYB,XNUQZBYOW
304;01-09-2020  12:33;15-09-2020  17:51;close;2217.96;333.50;400.20;2551.46;510.3000000000002;3061.76;306.17;367.41;51.24;6.15;Manutan Collectivités;HPVSYLXKS,MHUTPDJVS,LNNIBOMYN,SGXFSRPGX,MKKYOWXXR,MBOXFQLHJ,XAQZURMAE,FPAQVOWTL,YUNAGFHOY,QGKPYVDRL,FQHEPFMYX,KQXEXOZWH,RUICOJOQG,WZJJQHWQW,PCGXODLGV,VXHEKBBVD,GOIXCQBRK,QTOMTMHKR,XAGMNYQTM
305;01-09-2020  12:33;15-09-2020  19:50;close;1859.27;416.00;488.80;2275.27;444.5300000000002;2719.80;271.98;326.39;0;0;VW Sports;RHZWQZRWN,EHULGHRVO,VYQYKLQJZ,WGBJDPRLX,AOACNFTQG,GAWMOGLAM,GLQCUDTBZ,WVJSZASNH,VURXXJYBL,WWXOPZXOV,PPLJSCNAD,TINHVFSLQ,EJHMZHTSD,UWBOWAKFM,JFNFXHIIZ,WQTJQMKYV,VQHHUAKYB
306;01-09-2020  12:33;;close;318.40;0.00;0.00;318.40;63.68000000000001;382.08;41.39;49.66;0;0;CMJN IMPRESSION;NHGGFVFNH,QYYIYJTLL,WVIXZCNMG
307;01-09-2020  12:33;30-09-2020  16:08;close;533.77;21.00;25.20;554.77;110.93000000000006;665.70;66.57;79.89;421.90;50.63;SLS Distribution;EOESHMRWC,EGKGQEJVA,EXNKWFOAZ,OPXUMOZPS,XMGTUUGHO,MGHGISPVA
298;01-09-2020  12:33;30-09-2020  16:08;close;3230.26;0.00;0.00;3230.26;649.9299999999998;3880.19;388.08;465.69;1100.46;132.06;LSC Maintenance;PRKDHAWJU,AUNNHJUDV,WSWSAJZPQ,CUXUBUKFX,QRLRTDKLN,AICTRMXDZ,QKEUFIZBN,TMSCKIPIT,MXHMIABHQ,APIWHGDMX,LMVDIVKCP,NTAARLPMN,SMESCHOZF,CBWBNPFVF,NLJERNIUH,TDOYSIBGZ,BOSTUUSUN,IBRPCRGOW,JPZWDKPWL,ZJMWSSTGV,YWYGWMJLU
299;01-09-2020  12:33;15-09-2020  20:10;close;593.72;20.00;24.00;613.72;122.74000000000001;736.46;73.65;88.38;0;0;Tennis Scorer;MHPPNDODI,YBUEKPFFJ,SYKWJBYMM
300;01-09-2020  12:33;15-09-2020  20:09;close;65.25;11.50;13.80;76.75;15.349999999999994;92.10;8.05;9.66;0;0;SCFR Impex;YUAMZMASM
301;01-09-2020  12:33;30-09-2020  16:08;close;5437.68;415.00;498.00;5852.68;1170.62;7023.30;760.86;913.01;1095.40;142.40;Huck Occitania;SIMLSWYMP,HQHWSWNEC,OVBHHNSQF,GBEPMGRTO,QUXVQERFL,KKXZBKLPW,VQHHUAKYB,QUKZLJNON,DSVFEQIPX,PRKDHAWJU,GYPATMGSN,LRIAEEXRU,HOMAQPXJX,TCKUODWFM,CPWAFHETM,MYGUCPWCW,ZDUKKLPZL,AEOXQFMND,EORLBPBVF,DOIQNOZDC,WLCGBJNMQ
302;01-09-2020  12:33;15-09-2020  20:08;close;10.00;5.00;6.00;15.00;3;18.00;1.95;2.34;0;0;Innoquipe;UVOMMJTXM
297;01-09-2020  12:33;30-09-2020  16:08;close;1232.07;178.71;214.45;1410.78;282.1700000000001;1692.95;169.30;203.16;0;0;Cress Sport;YIANQFMJD,SGRWAJMLX,ROSUFNPRI,GLQCUDTBZ,GQDAQWUMS,NAMSGIWGW,EGKGQEJVA,PZNFMNYYM,GEWAZWNQE,XFYCPUYAP,QRQGDXQYM,ABYLSVYAR,SSEAXMIYW,GIXYYYHFC,ZDUKKLPZL,SAIORATKY,GWMDYMUMZ,BHHHUXFOY
296;31-08-2020  09:14;07-09-2020  09:02;close;980.44;80.30;96.36;1060.74;212.04999999999995;1272.79;127.26;152.74;36.93;4.43;Casal Sport;RXMTADATJ,UOZCEXRSR,CLPXTHNVS,KSCLBVFVP,QZEXRNBKR,UBSMHXXZH,XBSIQSBEW,AWPKVUUHQ,QFWCQNQNV
295;28-08-2020  15:11;31-08-2020  09:14;close;793.61;91.10;109.32;884.71;162.13999999999987;1046.85;104.68;125.61;0;0;Casal Sport;JMDBHIDXV,GSRTLSTMC,MNWAYYZPR,GOIXCQBRK,EKEVSMCIR,BYOHYUYQU,BTZFUGHTY,HLXSRORAQ,PTMYNYMWM,AZHMEGUDT
294;28-08-2020  09:08;14-09-2020  13:35;close;2608.22;0.00;0.00;2608.22;521.6200000000003;3129.84;312.98;375.58;137.31;16.48;Sodex International;VGGNSSEDR,CFSYIHNFA,GZAHDWJKN,JXLHBLGHS,OTMKDOELM,NECPGPJLN,DHKHGGXLK,CJSGQMZYH,NQJZSAWUR,DUXHCARGY
293;28-08-2020  08:42;28-08-2020  09:08;close;4775.42;0.00;0.00;4775.42;955.04;5730.46;573.07;687.69;0;0;Sodex International;PGOETTAOM,HKJCPAHPJ,XLYUURNAA,PVIITRYRJ,VXBGXUOMW,SMYCWBKBD,TLXVHLBKK,MNHGDRDAQ,XHXRKAKHX,OOFDUMMNW,IEOYZZCJU,EQHPRGARX,ANKLSJWFU,CSOJNFPDA,JOLAJGKPG,LNETWUVJD,SINJGONAO
292;27-08-2020  15:33;;open;8476.69;863.51;1036.22;9340.20;1546.2099999999991;10886.41;0.00;0.00;229.75;0.00;F.F.T.;XBSIQSBEW,YUAMZMASM,SJFHJVESW,KJMSBHMQE,ZQSRTAWRA,JHFFYPGVK,PEGORUPWI,QYYIYJTLL,WVIXZCNMG,ESCEUMLAK,CGUISARPU,CTOKEVXXZ,DCADHVBHR,RMNRCFLWP,SGRWAJMLX,ROSUFNPRI,AZKCGONIX,KQZMBWFEC,GFDRVVKBD,GQDAQWUMS,LOAIJORQZ,NAMSGIWGW,WHNCOCLKG,TLTBPWBWI,SBPFTDOTS,WQTJQMKYV,SINJGONAO,DGWXRVZUA,ZIJNDPZZX,BNLTRMMCG,SSJYMTQTF,SLLIVTEWU,SQPNCJMVR,BKCRIJZTG,JFSGKNSUR,OIGHPHBVL,THAJHVSAH,VXMKLXGWX,PJKOUHHMD,RPHMTRAEB,YHAUTLQOO,JJKMCJGXN,KDPJFJGEN,NTWVEGTPU,SSEAXMIYW,KXIHBTJBU,ERMOAVTSO,GIXYYYHFC,UFRFZXLVZ,AEOXQFMND,AXRGVZBLK,SAIORATKY,CAAGYRPLL,KCVKNNBWD,YKALUAGII,SUIKSWTPZ,GWMDYMUMZ,ZUIKJVYXE,DGEQQCDVV,AICTRMXDZ,EZXPIPBJS,JMFAETDUA,KACPWRYBN,INTKJFIEO,KGWLEESVH,JROUILPRA,JQHTKZCNZ,KGKWEGAWC,BMWADUMYJ,OZMHSMCAD,XYGHHJUHM,YHABCNXQR,FDCLMJUHA,BODKDRTDN,LTKGRJSUB,YSCAMJMIB,PTCKZZPFI,QRUMQJOYV,DGILJKXMN,GKWPROHPP,TNTKWBRHY,SMYSVFHNJ,GAKTBMXHN,WSLOOZNDO,TDOYSIBGZ,ITTNOQUEP,KMUENNIJJ,NEXOFGRYL,ZRIBGFTTZ,OZUSPJIDK,PTDAAEXEG,RIUPVKDUV,FNAENDKLR,NDFWZMSQJ,OFFRHNKJD,BDNOCMRVX,ITOJSETAW,CIJSKLVRZ,KAKJIHITT
291;27-08-2020  14:44;28-08-2020  15:11;close;179.40;20.80;24.96;200.20;40.04000000000002;240.24;24.03;28.83;0;0;Casal Sport;ETHCYIQWO,WHGQIDVMK
290;27-08-2020  13:28;27-08-2020  14:44;close;124.09;20.80;24.96;144.89;26.27000000000001;171.16;17.12;20.54;0;0;Casal Sport;XTVAQZLBD,VVZFWCTYM
289;27-08-2020  09:47;27-08-2020  13:28;close;222.01;46.60;55.92;268.61;53.72999999999996;322.34;32.24;38.68;0;0;Casal Sport;FRQNOGCEK,BOXEUZXGB,LRTWMLGVL,YJNQVCEJO
288;27-08-2020  09:28;27-08-2020  09:47;close;316.78;7.90;9.48;324.68;64.93;389.61;38.96;46.75;0;0;Casal Sport;IMXEQHJLP,EEFWZJLHN
287;26-08-2020  15:55;27-08-2020  15:33;close;1187.05;99.14;118.97;1286.19;255.8499999999999;1542.04;0.00;0.00;0;0;F.F.T.;YLOILSPDS,SIZMKEPIW,SVGDCIKKO,IGGZXFSFM,ETHCYIQWO,LWVPPBBQU,NCVXHUNKC,QCPGJVSXE,RDNRBLWHS,ULCQWNRMK
286;26-08-2020  15:52;26-08-2020  15:55;close;4501.54;211.95;254.33;4713.49;907.96;5621.45;0.00;0.00;131.35;0.00;F.F.T.;LJMRCWVJD,NYXBDYLLQ,ROKYAKYEB,KTVPITLPF,UORHPNKWN,NRWHPRKRG,NRWHPRKRG,NGWJNFXJR,VTZZVMRUE,RVVYIIUJB,VPREVJVFU,ZQJFYTAGJ,LIMIPGBWO,XYWFZWLNE,BFUCUCQLN,GPTTUGHTE,KULEYMSNJ,HVYWDOEOR,UOBCBCXGW,NCELZANOL,NLHCUOCBD,CTQASVCDN
285;26-08-2020  15:37;27-08-2020  09:28;close;3992.28;139.30;167.16;4131.58;819.54;4951.12;495.11;594.12;0;0;Casal Sport;DUDVSCCUV,VVTYLLTLV,PVKNGBMWL,HPFCBUGIM,RZGJXGCPX,PSVTGGGMB,PSVTGGGMB,LJOGDBQRQ,XSNICTCMI,DAZWQRKTT,QTOMTMHKR,XKBYMOHMA,GYYRZALUL
284;20-08-2020  12:47;26-08-2020  15:37;close;7.93;12.90;15.48;20.83;4.170000000000002;25.00;2.50;3.00;0;0;Casal Sport;GWVUJIPJZ
283;20-08-2020  12:37;20-08-2020  12:47;close;41.87;12.90;15.48;54.77;10.949999999999996;65.72;6.57;7.89;0;0;Casal Sport;BWVELYPPC
282;20-08-2020  12:22;20-08-2020  12:37;close;20.93;12.90;15.48;33.83;6.770000000000003;40.60;4.06;4.87;0;0;Casal Sport;AWIXWJYJO
278;16-08-2020  17:22;01-09-2020  12:33;close;72.24;12.50;15.00;84.74;16.960000000000008;101.70;10.17;12.20;0;0;Cress Sport;KJMSBHMQE
279;16-08-2020  17:22;01-09-2020  12:33;close;5213.27;0.00;0.00;5213.27;1051.4499999999998;6264.72;626.61;751.95;0;0;LSC Maintenance;NLQEHAQSU,UMMDQQFGF,CTOKEVXXZ,RBDKOEYAA,CMNPATHMN,WTBQPILUV,DJMDDRUAZ,VYCTLTIXR,GGZYOGJJR,ZSMOAYUVC,MHZFJUGXL,BXJOHWRPR,WQTJQMKYV,RDVPAKRXU,QFLHSMEVP,JQESMDEGB,QLYRIXVAQ,VKLLTQPOW,YKWQKFDWO,DSVFEQIPX,VBDVDOJQA,VVVYAFUNM,VAJCAHAIS,EKIRUYDLK,HKMUZNEEP,LNQEIZAFI,CJPWNMUXF,KJDHNOPED,WRPGJKQSK,WMDNQVIRN,ZNIIXVGNM,LAWLGXMYK,VTSBUIPLC,ZJKUTNODM,UQTJQLEFU,TFOJVXWDD,VJCQMWKAE,NIWPELXIS,NRJVPMTXT,UUYMOMZHJ,OQFFFXUPS
280;16-08-2020  17:22;15-10-2020  13:19;close;159.31;33.46;40.16;192.77;38.59;231.36;23.14;27.76;0;0;Ballbox;RNQCBXIBP,XFSREIBOC,PSWIADUHY,XFLXWKYHU
281;16-08-2020  17:22;30-09-2020  16:08;close;191.58;0.00;0.00;191.58;38.31999999999999;229.90;26.82;32.19;0;0;Chalet-Jardin;ZDSBOGSRA
274;16-08-2020  17:22;01-09-2020  12:33;close;259.14;0.00;0.00;259.14;51.81999999999999;310.96;31.10;37.32;0;0;Tennis Scorer;KNWQKIHLS
275;16-08-2020  17:22;01-09-2020  12:33;close;20.25;7.90;9.48;28.15;5.630000000000003;33.78;3.10;3.72;0;0;SCFR Impex;KJMSBHMQE
276;16-08-2020  17:22;01-09-2020  12:33;close;2268.57;174.25;209.10;2442.82;488.5499999999997;2931.37;317.58;381.09;0;0;Huck Occitania;ESTEMHNTU,YNJDCPBAF,XIYGSBGTE,XJIQQHOPW,HGPHTNRRP,TFYVORAVC,RNIEEMZEV,YBUEKPFFJ,NQZLTXFIJ
277;16-08-2020  17:22;01-09-2020  12:33;close;992.10;90.00;108.00;1082.10;216.4000000000001;1298.50;140.67;168.81;0;0;Innoquipe;QZEXRNBKR,SJFHJVESW,EOESHMRWC,ZDSBOGSRA,IILLQBSGX,AYLADBHVW,KJMSBHMQE,XYWFZWLNE,QFWCQNQNV,GPTTUGHTE,ZQSRTAWRA,YIANQFMJD,FYLGYDWED
269;16-08-2020  17:22;01-09-2020  12:33;close;2958.16;70.75;84.87;3028.91;605.8299999999999;3634.74;393.75;393.75;0;0;Netsportique;BMSPOYGAA,AYLADBHVW,WIBFURSJO,KNWQKIHLS,UEZPDXTKZ,JVRQVINHB,GPTTUGHTE,VYQYKLQJZ,CSOJNFPDA,YIANQFMJD,FYLGYDWED,LGTVLTXYP,CJSGQMZYH,WAOMXCCDL
270;16-08-2020  17:22;01-09-2020  12:33;close;3204.18;109.50;131.40;3313.68;662.71;3976.39;397.64;477.17;0;0;Manutan Collectivités;TCTXEFUBT,KYQTYFMRB,DIYHMJGSP
271;16-08-2020  17:22;01-09-2020  12:33;close;2353.36;322.00;386.40;2675.36;535;3210.36;321.04;385.24;0;0;VW Sports;WGNTYANCS,QISKSIZHE,KNWQKIHLS,SUWONANQQ,NZDOSIVDK,AZCHAVIPG,EQHPRGARX,EQHPRGARX,YBUEKPFFJ,MAKUHNLUU,IOLUVQXNF,NBLNXWOZM,ZUHSPNVKI,ZUHSPNVKI,LLHUCFTAG
272;16-08-2020  17:22;15-10-2020  13:19;close;120.75;22.90;27.48;143.65;28.72999999999999;172.38;17.23;20.68;0;0;Tupi caoutchouc;OYMUJGFAD,GKWPROHPP
273;16-08-2020  17:22;30-09-2020  16:08;close;133.32;3.99;4.79;137.31;27.439999999999998;164.75;16.48;19.77;0;0;Jumbee;EXNKWFOAZ,GIXYYYHFC,RNEKYNSVD
267;31-07-2020  12:42;;open;0;0;0;0;0;0;0;0;0;0;Planete Tennis;
268;05-08-2020  08:53;;open;0;0;0;0;0;0;0;0;0;0;Supersol;
262;01-08-2020  16:36;16-08-2020  17:22;close;1419.89;58.27;69.90;1478.16;295.64999999999986;1773.81;197.79;197.79;0;0;Netsportique;ARRIIUMPL,UNRCIKGNN,TLXVHLBKK,XHXRKAKHX,ROKYAKYEB,DIYHMJGSP,GMKFUUBBE,LNPKQSREJ,FHXZGGAVV,URHRVLRQI,GKHTRZIEK
263;01-08-2020  16:36;16-08-2020  17:22;close;3421.19;220.00;264.00;3641.19;728.2499999999995;4369.44;436.93;524.34;15.00;1.80;Manutan Collectivités;KWFSICKMS,RXMTADATJ,VEGZSYBMN,AJEMQXNRL,DIAMMAOYV,KQLITIZFQ,RKZRFZHYP,ARHYSCXQG
264;01-08-2020  16:36;16-08-2020  17:22;close;1384.76;203.00;211.40;1587.76;285.3399999999999;1873.10;187.31;224.77;0;0;VW Sports;MTXRQAAHC,BTZFUGHTY,YAFZXBILO,YTKPPMZIR,ZTGSZYIVB,LBVSXUQNI,EWQBXOKVJ,TLXVHLBKK,DLGMITAAN
265;01-08-2020  16:36;16-08-2020  17:22;close;1264.00;11.45;13.74;1275.45;255.08999999999992;1530.54;153.05;183.67;0;0;Tupi caoutchouc;VTZZVMRUE
266;01-08-2020  16:36;16-08-2020  17:22;close;66.66;3.99;4.79;70.65;14.11999999999999;84.77;8.48;10.17;0;0;Jumbee;KFOQQADII
258;01-08-2020  16:36;15-09-2020  20:07;close;448.00;70.00;84.00;518.00;103.60000000000002;621.60;62.16;74.59;87.60;10.51;CIDI Event;LXYDODYME,SKITHVGRF
259;01-08-2020  16:36;01-09-2020  12:33;close;251.85;0.00;0.00;251.85;50.37000000000003;302.22;32.74;39.29;0;0;CMJN IMPRESSION;IDHPTPETT,DIYHMJGSP,DLGMITAAN,ZQSRTAWRA
260;01-08-2020  16:36;16-08-2020  17:22;close;267.75;0.00;0.00;267.75;53.55000000000001;321.30;32.13;38.56;0;0;Tennis Scorer;AXMEWMBYO
261;01-08-2020  16:36;16-08-2020  17:22;close;1823.20;60.70;72.84;1883.90;376.65999999999985;2260.56;207.23;248.67;0;0;SCFR Impex;AWPKVUUHQ,SJFHJVESW,VTZZVMRUE
257;01-08-2020  16:36;16-08-2020  17:22;close;800.85;95.00;114.00;895.85;179.14999999999998;1075.00;116.46;139.75;0;0;Huck Occitania;HWFZHGDNK,PGOETTAOM,BGLFRECCT,XHXRKAKHX,MPSMFGFGW
256;01-08-2020  16:36;16-08-2020  17:22;close;2300.01;70.00;84.00;2370.01;473.9899999999998;2844.00;308.10;369.72;0;0;Innoquipe;YSFZCARBY,ULCQWNRMK,XXOIFNMEM,NQRQJKSPT,MWIKEDJJC,UGSNBIFCQ
255;01-08-2020  16:36;16-08-2020  17:22;close;2481.47;65.00;78.00;2546.47;509.2800000000002;3055.75;305.58;366.70;0;0;Cress Sport;XBSIQSBEW,MWIKEDJJC,UGSNBIFCQ,NRWHPRKRG,NGWJNFXJR,JPGGDFYNR
254;30-07-2020  13:38;28-08-2020  08:42;close;6868.13;0.00;0.00;6868.13;1373.579999999999;8241.71;824.15;989.00;0;0;Sodex International;ZXSBVBGPN,ZSZGSGBQQ,MPTFMGEAU,NDBPNUQAW,KRNOXZKJQ,MEJGCYMCM,LEDHWEZKA,HCYTVFFDJ,OPYWANZOG,FSRICCEUM
253;30-07-2020  13:25;30-07-2020  13:38;close;1956.92;0.00;0.00;1956.92;391.3800000000001;2348.30;234.83;281.80;0;0;Sodex International;LPTSGXCUW
252;30-07-2020  13:17;30-07-2020  13:25;close;114.43;0.00;0.00;114.43;22.879999999999995;137.31;13.73;16.48;0;0;Sodex International;BJXMHZPJP
251;30-07-2020  13:13;30-07-2020  13:17;close;210.94;0.00;0.00;210.94;42.18000000000001;253.12;25.31;30.37;1546.94;185.63;Sodex International;WHPPCRCCZ
250;29-07-2020  13:41;;open;4184.00;0.00;0.00;4184.00;836.8000000000002;5020.80;543.92;652.71;0;0;France Filets;JNDMYQLCR,BRLTAPYLG,DVMOTQAQW,WWIYIZGUH,CILVCGVBA,NJZOFTEZW,ZIIZCKDRN,AAMRDFOHR,VREIXYXRC,AVAUZWFMA,PEMGWRJEF,BWAUWXCAE,XZZQPKOUZ,RIETASSDH,MNMIHDNDJ,ATCUDUOZC,YWGYDEISU,OLUNFHJXM
249;24-07-2020  09:54;30-07-2020  13:13;close;70.00;0.00;0.00;70.00;14;84.00;8.40;10.08;0;0;Sodex International;DOPSNUVWP
248;24-07-2020  09:49;24-07-2020  09:54;close;71.58;0.00;0.00;71.58;14.320000000000007;85.90;8.59;10.31;0;0;Sodex International;AICDZTSDK
247;24-07-2020  09:46;24-07-2020  09:49;close;210.93;0.00;0.00;210.93;42.19;253.12;25.31;30.37;0;0;Sodex International;KYZMFBJYT
246;24-07-2020  09:42;24-07-2020  09:46;close;248.27;0.00;0.00;248.27;49.650000000000006;297.92;29.79;35.75;0;0;Sodex International;BHNUNJOVN
245;24-07-2020  08:11;24-07-2020  09:42;close;608.54;0.00;0.00;608.54;121.70000000000005;730.24;73.02;87.62;0;0;Sodex International;HISNWDUCM,XOIKBLNBR
244;24-07-2020  08:08;24-07-2020  08:11;close;11.20;0.00;0.00;11.20;2.24;13.44;1.34;1.61;0;0;Sodex International;OXCVYSCBC
243;24-07-2020  08:03;24-07-2020  08:08;close;232.31;0.00;0.00;232.31;46.45999999999998;278.77;27.88;33.45;0;0;Sodex International;RZZVAZZKU
242;23-07-2020  15:29;24-07-2020  08:03;close;351.49;0.00;0.00;351.49;70.30000000000001;421.79;42.18;50.61;0;0;Sodex International;LCEJNXKIW
241;23-07-2020  15:24;23-07-2020  15:29;close;602.85;0.00;0.00;602.85;120.56999999999994;723.42;72.34;86.81;413.96;49.68;Sodex International;VUMLOQAUH
240;21-07-2020  12:44;;open;0;0;0;0;0;0;0;0;0;0;VB SPORTS;
239;20-07-2020  15:04;;open;195.82;8.00;9.60;203.82;40.77000000000001;244.59;25.48;30.58;0;0;Babolat;PYDGTSSXD,DUBEOGXXQ,WCHNOFHIT,RAHEOLQMH,KVCFEHILW
237;15-07-2020  17:30;01-08-2020  16:36;close;397.06;25.74;30.89;422.80;84.56;507.36;50.74;60.88;0;0;Cress Sport;UZUQAOIFJ,ULCQWNRMK
238;15-07-2020  17:30;;open;0;0;0;0;0;0;0;0;0;0;hygy;
233;15-07-2020  17:30;01-09-2020  12:33;close;160.84;7.00;8.40;167.84;33.56;201.40;20.14;24.17;0;0;SLS Distribution;JPGGDFYNR,XOEOWKVXS
234;15-07-2020  17:30;01-08-2020  16:36;close;5196.31;245.00;290.00;5441.31;1084.29;6525.60;706.93;848.33;0;0;Innoquipe;RZGJXGCPX,LJOGDBQRQ,QNXAXSNPJ,JMDBHIDXV,RKOPKSNLB,XSNICTCMI,MNWAYYZPR,DAZWQRKTT,FRQNOGCEK,GOIXCQBRK,OUMAYXZCL,EKEVSMCIR,MTXRQAAHC,UOZCEXRSR,LFVLTYBNF,BOXEUZXGB,XKBYMOHMA,WEYSPNCYJ,GYYRZALUL,NQSOBBLQE,MZIEGBRMN,BTZFUGHTY,HLXSRORAQ,GENQDHQZU,AZHMEGUDT,WHGQIDVMK,CLPXTHNVS,QBNDCVASR,KSCLBVFVP
235;15-07-2020  17:30;01-08-2020  16:36;close;774.16;94.00;112.80;868.16;173.64999999999998;1041.81;112.86;135.43;119.80;15.57;Huck Occitania;BHNUNJOVN,AOZPKOOYY,FBKYFMRYQ,BJXMHZPJP,IHHQKPRMJ,ROKYAKYEB
236;15-07-2020  17:30;30-09-2020  16:08;close;816.00;78.00;93.60;894.00;178.79999999999995;1072.80;125.16;150.19;0;0;Iteuil sports;EMPWKWAKA,PTMYNYMWM,JJKMCJGXN
228;15-07-2020  17:30;01-08-2020  16:36;close;326.00;197.00;236.40;523.00;104.60000000000002;627.60;62.76;75.31;146.40;17.57;CIDI Event;DIYHMJGSP
229;15-07-2020  17:30;16-08-2020  17:22;close;6769.04;0.00;0.00;6769.04;1363.5900000000001;8132.63;813.44;976.12;0;0;LSC Maintenance;DYAJZEGKL,BTAZSJVBY,CMTTMTEZX,UDJYVPIUC,UVOLTAPEH,EOESHMRWC,RJCLRRGXB,KBEJPGBSI,TNFGIUJBW,WFCOMNJUM,LHHAUUTLO,XMMMCZOIS,UVOBIICJX,WYTPVJSMP,TFMAUQELR,PEUGAILVZ,YDFEXNSGY,SSJVNMBTA,MSCXXDMKS,RCBGPWCRJ,VVRFKNICP,FDHUGVCFX,EHULGHRVO,FNEFPLLWT,ULSERAHBO,KJQHFACCT,UVDEDZMQA,DRDNMYPCA,RGWENSIMR,KRKAPSLBI,MXUUANHGK,JRLAKWMYQ,WJXALISGX
230;15-07-2020  17:30;01-08-2020  16:36;close;120.40;0.00;0.00;120.40;24.079999999999984;144.48;15.65;18.79;0;0;CMJN IMPRESSION;ORFVOYKEI
231;15-07-2020  17:30;01-08-2020  16:36;close;1404.42;0.00;0.00;1404.42;280.8799999999999;1685.30;168.54;202.25;0;0;Tennis Scorer;HISNWDUCM,IRCRYWEOO,YQRVWPOPS,NVTBJRVUJ
232;15-07-2020  17:30;01-08-2020  16:36;close;53.92;7.90;9.48;61.82;12.360000000000007;74.18;6.80;8.16;0;0;SCFR Impex;ULCQWNRMK
225;15-07-2020  17:30;01-08-2020  16:36;close;1927.62;74.94;89.90;2002.56;400.49000000000024;2403.05;312.40;312.40;0;0;Netsportique;TILKBSNWO,NNRXDQVKU,LCPJJFVLZ,NXFMWKEVY,QYDNCHTAP,QZEXRNBKR,QHFBYINRS,JRSQJQXMC,VFIUWMKEP,GZAHDWJKN,KYEQLBBDT,EVPSHNQHS
226;15-07-2020  17:30;01-08-2020  16:36;close;3219.58;160.50;192.60;3380.08;676.02;4056.10;405.59;486.72;96.72;11.60;Manutan Collectivités;WZMAYIUUX,CUDCBAEPC,HAZGBDDWJ,LTZLBILEX,JWZVHVYOP,PDAERHEJR,JQJZMCLTA,LCEJNXKIW,CFSYIHNFA
227;15-07-2020  17:30;01-08-2020  16:36;close;4097.14;651.67;658.40;4753.14;821.8399999999992;5574.98;557.50;669.00;104.40;12.53;VW Sports;GKRIROHLE,PCGXODLGV,BBRBJMRDS,GDNUWUIOE,PXKLZPEEB,ACJQWZDYJ,UZHRFSLNZ,WHGQIDVMK,QHWKUNGMM,CLDMRLWTC,HARSNJZPC,TDQIDVQSC,DFYLLBKMR
224;09-07-2020  13:56;23-07-2020  15:24;close;1956.92;0.00;0.00;1956.92;391.3800000000001;2348.30;234.83;281.80;0;0;Sodex International;AGLNLULOP
223;09-07-2020  13:48;29-07-2020  13:41;close;678.00;0.00;0.00;678.00;135.60000000000002;813.60;88.14;105.77;0;0;France Filets;QIZFCSBNV,MWIKEDJJC,QKRWLYEYD,FPIPMMVVY
222;02-07-2020  08:21;01-09-2020  12:33;close;1506.00;355.93;427.12;1861.93;372.5899999999999;2234.52;242.08;290.49;0;0;CLICK FOR TENNIS;SJFHJVESW,NAEFSJBXD,EOESHMRWC,ZDSBOGSRA,NTHQKWXZC,JPGGDFYNR,XYWFZWLNE,QFWCQNQNV,GPTTUGHTE,YIANQFMJD,JVZEXIDME,FYLGYDWED,CTQASVCDN
221;01-07-2020  15:43;15-07-2020  17:30;close;2669.82;41.60;49.90;2711.42;542.27;3253.69;422.98;422.98;0;0;Netsportique;YTKPPMZIR,DGYRXZHWM,EHEKHNALC,TURAPQLLO,VCUYHBOLE,QOWPIRTCN,JDVJEZDCI,UUKSEPXMP,UZHRFSLNZ,TERCCGYEO
220;01-07-2020  15:42;15-07-2020  17:30;close;607.74;123.00;147.60;730.74;146.14;876.88;87.68;105.23;0;0;Manutan Collectivités;YQGFLYASF,GYYRZALUL,BYOHYUYQU,HLXSRORAQ,QAWWQCRHO,LBVSXUQNI
219;01-07-2020  15:41;15-07-2020  17:30;close;1342.58;213.00;213.00;1555.58;268.52;1824.10;182.41;218.91;120.00;14.40;VW Sports;NXXVLSUSC,EWRBKRRJK,WSBPWQVYB,RKOPKSNLB,OUMAYXZCL,CEDQPFMTD,LRTWMLGVL,RJAKIWJLB,DOBROLQPI,EMPWKWAKA,NHUFGLLZP
218;01-07-2020  15:40;15-07-2020  17:30;close;42.00;25.00;30.00;67.00;13.400000000000006;80.40;8.04;9.65;0;0;CIDI Event;TYNMJDMUD
217;01-07-2020  15:38;15-07-2020  17:30;close;2361.20;0.00;0.00;2361.20;474.1300000000001;2835.33;283.56;340.28;0;0;LSC Maintenance;UBXFLTWKN,WTFDKXNIC,VIIKRZILN,VEXSAFWCO,YYQOFRDEC,YVVKRNRAZ,VJTQRYWPA,JGAGHRKPR,DSQTQMEEK,KXLVTHJHS,BCQALKVPO,VEAPVKPFW,VVGIZWVCV
216;01-07-2020  15:37;01-08-2020  16:36;close;41.75;11.45;13.74;53.20;10.64;63.84;6.38;7.66;0;0;Tupi caoutchouc;WHGQIDVMK
215;01-07-2020  15:36;15-07-2020  17:30;close;71.85;0.00;0.00;71.85;14.370000000000005;86.22;9.34;11.21;0;0;CMJN IMPRESSION;HLXSRORAQ
214;01-07-2020  15:35;15-07-2020  17:30;close;1359.69;60.00;72.00;1419.69;283.95000000000005;1703.64;170.38;204.44;0;0;Tennis Scorer;UZUQAOIFJ,FANZTSLBX,VZEZECKJH,AKJUSHCVQ,EAEORWIWW,LBVSXUQNI,ACJQWZDYJ,ECDBVYRZD
213;01-07-2020  15:35;15-07-2020  17:30;close;1802.08;27.40;32.88;1829.48;365.9000000000001;2195.38;201.25;241.49;0;0;SCFR Impex;RZGJXGCPX,ORFVOYKEI
212;01-07-2020  15:34;15-07-2020  17:30;close;80.42;0.00;0.00;80.42;16.08;96.50;9.65;11.58;0;0;SLS Distribution;LWSNMMNSB
211;01-07-2020  15:31;15-07-2020  17:30;close;2104.17;50.00;60.00;2154.17;430.8299999999999;2585.00;280.04;336.05;0;0;Innoquipe;GUIILPDSW,FRTYJBMMS,CIVUZDOQN,VDLVSJQIC,FHFBSXROE,FDQYDIBRE,SLVGCVJAA,QHRFZYVCV,YJNQVCEJO
210;01-07-2020  15:30;15-07-2020  17:30;close;2931.24;269.00;322.80;3200.24;640.0600000000004;3840.30;416.04;499.24;0;0;Huck Occitania;TTINZODQF,SPJCNCEFM,DIUSNPRQJ,ISSWCSYQN,MHFPGAMUS,CMVZISEZI,RJAKIWJLB,AKJUSHCVQ,QHRFZYVCV,RCFLEHJHO,NGPACUHZE,ZYIXNAAYS
209;01-07-2020  15:29;15-07-2020  17:30;close;141.00;25.00;30.00;166.00;33.19999999999999;199.20;23.24;27.89;0;0;Iteuil sports;UOZCEXRSR
208;01-07-2020  15:26;15-07-2020  17:30;close;832.24;98.15;117.78;930.39;186.10000000000002;1116.49;111.65;133.98;0;0;Cress Sport;LJOGDBQRQ,QNXAXSNPJ,JMDBHIDXV,OUMAYXZCL,RXMTADATJ,BOXEUZXGB,VZEZECKJH,HLXSRORAQ,YJNQVCEJO,AZHMEGUDT
204;26-06-2020  13:15;01-08-2020  16:36;close;66.66;7.98;9.58;74.64;14.920000000000002;89.56;8.96;10.74;44.78;5.37;Jumbee;BQCLIZCQT,HHHOWJKED
205;29-06-2020  13:52;;open;0;0;0;0;0;0;0;0;0;0;LBD Maison;
206;29-06-2020  14:15;;open;0;0;0;0;0;0;0;0;0;0;Planète Raquettes;
207;29-06-2020  15:50;15-10-2020  13:19;close;545.18;44.00;52.80;589.18;117.83000000000004;707.01;49.48;59.38;465.16;39.07;EXTREME TENNIS;ABTPEBYRA,IUKSZYJRW,QUMAMEZWT,RYBJJVJPZ,IPSKQYAVM,PJXLQLZVS
203;24-06-2020  09:26;09-07-2020  13:56;close;412.25;0.00;0.00;412.25;82.44999999999999;494.70;49.47;59.36;0;0;Sodex International;YYITVBHUT,HPFCBUGIM,TAWVBGBPD,WZJJQHWQW,CASXOKBIW
201;09-12-2019  13:18;;open;0;0;0;0;0;0;0;0;0;0;Sportifrance;
202;04-06-2020  11:20;;open;0;0;0;0;0;0;0;0;0;0;AConcept;
200;10-06-2020  13:12;20-08-2020  12:22;close;25.38;12.90;15.48;38.28;7.659999999999997;45.94;4.59;5.51;36.93;4.43;Casal Sport;XFJVPZUZF
199;10-06-2020  13:54;24-06-2020  09:26;close;4275.07;0.00;0.00;4275.07;854.9900000000007;5130.06;512.99;615.63;0;0;Sodex International;QMJJBLWFM,UXNJSZVMM,FRQNOGCEK,GOIXCQBRK,OUMAYXZCL,EKEVSMCIR,HOEVCFBOA,LRTWMLGVL,RJAKIWJLB,HLXSRORAQ,ALOIKKJQT,HTDQZGNRX,SIMLSWYMP,BIZMZPIAG,GOJRPQHWQ,UDJDRBBFS,LJXUIRJEQ,NHUFGLLZP,VEGZSYBMN,FTWJJPFMR,PXKLZPEEB,MSGLDQZYQ
198;17-06-2020  09:18;09-07-2020  13:48;close;1418.00;0.00;0.00;1418.00;283.5999999999999;1701.60;184.34;221.21;0;0;France Filets;NGXESUQSD,JWZQYLPND,GUUEECDYH,VSNDJOJWI,DOBROLQPI,PXKLZPEEB,BTGWSAPBD
196;15-06-2020  18:06;01-07-2020  15:29;close;234.00;35.00;42.00;269.00;53.80000000000001;322.80;37.66;45.19;0;0;Iteuil sports;HPRTIGBHF
197;15-06-2020  18:06;02-11-2020  10:58;close;4218.00;50.34;62.89;4268.34;856.1499999999996;5124.49;563.68;676.42;0;0;2CI;UMYYTHJHL,ITECGJKDQ
190;15-06-2020  18:06;01-07-2020  15:30;close;722.42;64.00;76.80;786.42;157.2800000000001;943.70;102.22;122.69;0;0;Huck Occitania;PRNCLUBGR,PSVTGGGMB,WFVAFATIT,RUICOJOQG
191;15-06-2020  18:06;01-07-2020  15:31;close;659.99;60.00;72.00;719.99;144.01;864.00;93.59;112.32;0;0;Innoquipe;PVKNGBMWL,DLYIIBTVQ,WHIXUFQSP,HPFCBUGIM,BUIESAFRU,DHFLNYWSX,PEYBTNPQS,UZUQAOIFJ,WSBPWQVYB
192;15-06-2020  18:06;01-07-2020  15:26;close;418.10;42.32;50.78;460.42;88.82;549.24;54.93;65.91;298.39;35.81;Cress Sport;PLVHECKAF,XSNICTCMI,GOIXCQBRK,EKEVSMCIR,BUDKGNSFL
193;15-06-2020  18:06;01-07-2020  15:34;close;56.66;14.00;16.80;70.66;14.14;84.80;8.48;10.18;0;0;SLS Distribution;EKEVSMCIR,UOZCEXRSR
194;15-06-2020  18:06;01-07-2020  15:35;close;159.54;51.00;61.20;210.54;42.110000000000014;252.65;23.15;27.80;0;0;SCFR Impex;PVKNGBMWL,HPFCBUGIM,MNWAYYZPR,FRQNOGCEK,GYYRZALUL,FGOGTATFH
195;15-06-2020  18:06;01-07-2020  15:35;close;182.47;10.00;12.00;192.47;38.49000000000001;230.96;23.10;27.72;0;0;Tennis Scorer;WZJJQHWQW
186;15-06-2020  18:06;01-07-2020  15:41;close;2180.79;317.30;317.30;2498.09;436.19000000000005;2934.28;293.43;352.12;0;0;VW Sports;HPRTIGBHF,RGIXIWSRR,OGUDRLNIR,DQDXWMTIY,GJSPMQSDC,KMMYJSQLE,DGZQEMJHZ,WAJTQAJWZ,WKKJQMDBA,TMICAYXCL,HRLYCJZLV,YLEJIMNJN,EWOXUCTCE
187;15-06-2020  18:06;01-07-2020  15:42;close;2201.78;208.50;250.20;2410.28;482.05999999999995;2892.34;289.23;347.07;0;0;Manutan Collectivités;YVLQFVUSH,ZUKGUTISK,HPRTIGBHF,BQXBTCPTV,LENCMBLRE,XFXWZQHCM,RVEUBTGAV,BMSEZCYVD,YKBKWSOGX
188;15-06-2020  18:06;01-07-2020  15:43;close;4834.42;145.69;174.77;4980.11;995.9500000000007;5976.06;776.90;776.90;0;0;Netsportique;GGSGCESDK,VJTCXHUUB,AXDUNGHRC,SDLVZSXBE,YKBKWSOGX,ISSWCSYQN,YZAXFHVRL,JMDBHIDXV,XSNICTCMI,MNWAYYZPR,DAZWQRKTT,FRQNOGCEK,QTOMTMHKR,EKEVSMCIR,RXMTADATJ,UOZCEXRSR,XKBYMOHMA,LRTWMLGVL,GYYRZALUL,YNHYPQRHI,VZEZECKJH,RCFPUOMKR,BTZFUGHTY,ULAOAXRZC,YAFZXBILO,GENQDHQZU
189;15-06-2020  18:06;01-07-2020  15:40;close;892.05;257.00;308.40;1149.05;222.54999999999995;1371.60;137.16;164.59;33.60;4.03;CIDI Event;AMPSUUYZA,EHTGUUNDD,TCIEJDGHH,VDIOCCVIS,ZAAEOIYKU
185;12-06-2020  13:22;;open;0;0;0;0;0;0;0;0;0;0;Audis;
184;11-06-2020  09:58;16-08-2020  17:22;close;63.80;17.16;20.60;80.96;16.200000000000003;97.16;9.72;11.66;0;0;Ballbox;QHAOBNZXO,UMAJUCVVZ
183;03-06-2020  09:45;10-06-2020  13:54;close;2092.11;0.00;0.00;2092.11;418.3899999999999;2510.50;251.04;301.26;0;0;Sodex International;NEJBKBLOB,POXWWGADB,AFGWPOBCN,KMMYJSQLE,IHPPSXIZA,OPCYFYJME,WKKJQMDBA,XJOSHPWAV,IPILCJDGB,PSVTGGGMB,RUICOJOQG,CQONGFYPL,PWWMEJRCC,LVHUOWJRX,KVDXYLAIW,YKBKWSOGX
182;03-06-2020  10:20;10-06-2020  13:12;close;786.16;209.30;251.16;995.45;199.07999999999993;1194.53;119.44;143.33;0;0;Casal Sport;CGQSJJAZL,UOVALTPAW,PIBMVQYTG,MZIDSCXGM,DVMOTQAQW,PEKPTQQLU,DQDLNTYQH,LKRLWNRIB,WROTXOUIO,RZCJSFDEW,AIDKCEDXG,MUTBCLIVP,IWUNEMOFP,DOSHNUHOA,NAGAPYMIY,CRSWCMGAL,BBNRDWOJB
181;03-06-2020  09:24;03-06-2020  10:20;close;556.04;51.60;61.92;607.64;121.51999999999998;729.16;72.92;87.50;55.80;6.04;Casal Sport;EQJCBEDMO,VKHGJTNKN,QWZROJDRQ,TTSQACPJH,QYUULCNRX
176;01-06-2020  14:22;15-06-2020  18:06;close;6789.91;376.00;376.00;7165.91;1357.9799999999996;8523.89;852.39;1022.87;0;0;VW Sports;YGKRCGQMD,IWURQLDZI,MYNYZLBNR,EQEPUHUIT,FHALBRSEG
177;01-06-2020  14:22;15-06-2020  18:06;close;1551.14;98.00;117.60;1649.14;329.81999999999994;1978.96;197.90;237.47;0;0;Manutan Collectivités;QVMTTZOTA,DUDVSCCUV,IWURQLDZI,DLYIIBTVQ
178;01-06-2020  14:22;01-07-2020  15:38;close;6467.00;0.00;0.00;6467.00;1293.3900000000003;7760.39;776.05;931.26;0;0;LSC Maintenance;UJPPCEEMX,CIVUZDOQN,VFDTXPWEG,SDDSQTUHU,HIMOXFZBJ,PHOKXFUUD,EXLWFJFSL,ASJWUQCDW,DEQRRSSYJ,PCNWETBHC,RGXXUOXWC,CZWQDDLJX,JFJNAQWRC,CDZOXJKYS,VQOHUKCYH,HUWFMZGNN,ILAIXDPHB,RDCQTTFTS,UFLRKHTLF,NPSUVKHLW,PXBCOQRNJ
179;01-06-2020  14:22;15-06-2020  18:06;close;458.95;16.64;19.96;475.59;95.11000000000007;570.70;74.19;74.19;0;0;Netsportique;PLLHPQDZU,IHPPSXIZA,FRFLAYDXB,QGKPYVDRL
180;01-06-2020  14:22;15-06-2020  18:06;close;129.00;91.60;105.60;220.60;39.79999999999998;260.40;26.04;31.25;0;0;CIDI Event;HPRTIGBHF,WZJJQHWQW
171;01-06-2020  14:22;15-06-2020  18:06;close;405.41;61.25;73.50;466.66;93.33999999999997;560.00;60.67;72.81;0;0;Huck Occitania;IHPPSXIZA,GUEYRQZFB,ERAZEQVYL,WKKJQMDBA,XJOSHPWAV
172;01-06-2020  14:22;;open;647.33;0.00;0.00;647.33;129.4699999999999;776.80;77.68;93.22;0;0;SET;KFKVJDQNI
173;01-06-2020  14:22;15-06-2020  18:06;close;1599.17;35.00;42.00;1634.17;326.8299999999999;1961.00;212.45;254.93;0;0;Innoquipe;YEIAGSXXM,GIPSRSXJY,NALVLJZGP,XFJVPZUZF,TPRIZAFDE
174;01-06-2020  14:22;15-06-2020  18:06;close;236.54;35.83;43.00;272.37;54.48000000000002;326.85;32.69;39.23;0;0;Cress Sport;YPSLJQOYW,ETHCYIQWO,PVKNGBMWL
175;01-06-2020  14:22;15-06-2020  18:06;close;66.25;0.00;0.00;66.25;13.25;79.50;7.95;9.54;0;0;SLS Distribution;BAMAYUPWJ
167;15-05-2020  13:09;01-06-2020  14:22;close;15.10;12.50;15.00;27.60;5.519999999999996;33.12;3.31;3.97;33.12;3.97;Manutan Collectivités;KEFFDDTAS
168;15-05-2020  13:08;15-06-2020  18:06;close;26.96;7.90;9.48;34.86;6.969999999999999;41.83;3.83;4.60;0;0;SCFR Impex;OUIVCPGNF
169;15-05-2020  13:08;01-06-2020  14:22;close;2352.56;33.31;39.96;2385.87;477.1600000000003;2863.03;372.20;372.20;0;0;Netsportique;ZIVXWCFOQ,MHUTPDJVS,OXQJGKDND,HMWFWXQLS,LJDXLWSLG
170;15-05-2020  13:09;;open;0;0;0;0;0;0;0;0;0;0;LEDUSTRY;
164;15-05-2020  13:09;01-06-2020  14:22;close;201.67;20.00;24.00;221.67;44.33000000000001;266.00;28.82;34.58;0;0;Innoquipe;BJIQFKKWY,GTFFJFFNK,YUUEBPRUG,ZIBTBWNAM
165;15-05-2020  13:09;01-06-2020  14:22;close;174.55;17.41;20.89;191.96;38.379999999999995;230.34;23.03;27.64;0;0;Cress Sport;JZIWMAKZZ,XFJVPZUZF
166;15-05-2020  13:08;01-06-2020  14:22;close;510.40;70.00;70.00;580.40;102.08000000000004;682.48;68.25;81.90;0;0;VW Sports;KDESFMSNA,GTFFJFFNK,MPGKROHCN
163;11-05-2020  12:31;03-06-2020  09:24;close;873.49;124.00;148.80;997.49;199.49;1196.98;119.70;143.63;216.00;21.60;Casal Sport;LHALCNTPZ,OQKYJLRJM,XXEMYVNXZ,UBFAVKSIP,PGEKPVSYM,NOIGAOEYZ,AAKBRTKPC,JYOQIUJUV,HOTTSDYCA,DMUNKCNXH,IAFGAGGBI,LGLEGCTDR
162;10-05-2020  11:40;15-07-2020  17:30;close;348.33;90.00;108.00;438.33;87.67000000000002;526.00;56.98;68.38;0;0;hygy;PCGXODLGV
161;03-04-2020  08:11;03-06-2020  09:45;close;3541.51;0.00;0.00;3541.51;708.3000000000002;4249.81;424.97;509.98;0;0;Sodex International;LDPFGNIHH,CZMPYIWGP,RRISFRNZD,YWZVVQHSX,HVPTDNZAR,RXKPGAWWO,MHUTPDJVS,HMWFWXQLS,MYNYZLBNR,DVTGDSJWZ,RGIXIWSRR,DRXNHKKPB,NSXDLHRNW,NHUBAJLFQ
160;24-03-2020  09:45;26-08-2020  15:52;close;18284.43;1073.01;1287.72;19357.44;3852.0699999999997;23209.51;0.00;0.00;683.00;0.00;F.F.T.;WQOZJGMXS,QPAPMJWHB,WHQLMNFOE,BBIATTDVV,SQWRFRLOH,UKFBGGPWY,RZOXUKCYW,PRJCLTHKB,KFPHEMHSF,MYMAIFWNS,MBLGTSQUE,AATKFFZMT,CDRLMEMHC,FRHQQNLOA,AZHYBKNZQ,SVXVUWFKL,LVMSUARJS,GIRIFLUHW,TXPRBBOCR,LHXXGZCES,RJCIPWQTD,GMLBUTHXS,HVJCOQPTW,ZLXLBYXCL,TZRAZXDKA,CEPBBJLKR,QRJJQGPUI,QBKNLRHZU,YTIHTTIJW,MSCQIBCZF,AWIXWJYJO,UJTIKWSVZ,ILLXBYJAA,YLOPATFPQ,APFPYJQSX,ZIBTBWNAM,HPRTIGBHF,RHZWQZRWN,NMTZIQJUN,PVKNGBMWL,UTPUGPMAK,DLYIIBTVQ,AGESJWRXE,OXFOGLUHN,KTWXZEONJ,RZGJXGCPX,BIMYIBKDJ,ZKSXRZOVO,NKGAYQHCY,OCOZVLNFP,NUHPGCKPG,LXAGNBNEG,OGFSBOSXH,UXNJSZVMM,OGNVXJAIV,JMDBHIDXV,MNWAYYZPR,DAZWQRKTT,FRQNOGCEK,FRQNOGCEK,OUMAYXZCL,EKEVSMCIR,CRMUCELEN,RXMTADATJ,XKBYMOHMA,VRVNKOBQK,UYPSWDKRC,JLLLSBQAF,BMNSQSYGT,FCOXWEOKZ,EFIJRTDPB,HLXSRORAQ,OTBMTTQJC,ALOIKKJQT,KSTITTQFX,QAWWQCRHO,IXMSDNAXX,SBDKDVNJT,EPBNWKWOQ,XIZUUQHTH,YYNYKMKNN,CXIRTCRGD,ORFVOYKEI,YJNQVCEJO,YJNQVCEJO,UGMCEGXCM,YSFZCARBY,KHOXBOMXO,TMRZYMRPD,AZHMEGUDT,VZGWHECBC,HLGSQEFZA,CCDVHPIKO,NSJTWMWUY,ZTGSZYIVB,SSVNZWOXM,EYETSSEXT,AIMPTPBAA,BKIVWZGUD,NBVFIENIF,XLRGSPNFG,DLNYITKQL,WXUYCESJY,GBPMUOANC,JSCANPFFY,ITDWQPOWO,ADZUAVGHR,QCMFTRAJP,BTGWSAPBD,ZCZZQYBWR,CLPXTHNVS,QBNDCVASR,BRKOMXLYD,CQHBGTYVM,GFTDJLAQV,QFPCXTQSL,HASGOXCPF,HFVVJXUOG,YCYQSPLHA,KSCLBVFVP,PVSSHKHAA,MOPVXEUUF,KVGVUDHUY,OYFSXDBIF,QKMLGVLHZ,QZEXRNBKR,YXZOLLUCK,JWUNIWDBQ,DNZVKJDJU,EZUCWXAHH,WFSSSHQGF,BUJVXGREB,ZVGNBOHWP,ERGKSVOHW,BDNRZFRFE,TJARMLZFF,QJOINYRJJ,PCQDOPQSY,IXMRREFBU,HVVYCNKWT,PYOYEPJSC,YUAMZMASM,ZGPCXWGLH,SGVYEWDBG,SGVYEWDBG,ZUHENHGYR,VVGIZWVCV,HKJCPAHPJ,AQHYBVLBD,IDHPTPETT,XHXRKAKHX,WGNTYANCS,ZZIRESAIP,ZWTVOIUWO,WJLJHQEWP,RTAKKIGLB,KKOGABQSS,JWIGOAPEO,YQOOBPUPG
158;15-04-2020  06:18;15-05-2020  13:08;close;148.81;11.50;13.80;160.31;32.06;192.37;17.63;21.16;0;0;SCFR Impex;MSCQIBCZF
159;15-04-2020  06:18;15-05-2020  13:08;close;525.48;12.48;14.97;537.96;107.58999999999992;645.55;83.92;83.92;79.99;10.40;Netsportique;GTFFJFFNK,HQTZQZZAS,GXEYAWWDD
157;15-04-2020  06:19;01-06-2020  14:22;close;1531.28;0.00;0.00;1531.28;306.25;1837.53;183.75;220.50;1.25;0.13;LSC Maintenance;YXAVCLQEX,TFHJWOWBP,CVQGSKIHR,QVBBFPMYQ,EWBQPYYMB,QSTXNYYYL,MDRUYHCTC,EPFBRULQY,KWNDDOAAD,KIKXKRUHU,YRSILNDIW,HDTYTDBKT,EZNFITOPR,TRCVSXCTN,OHYTQJJAB,EKZSWASDC
156;15-04-2020  06:20;01-07-2020  15:37;close;115.00;11.45;13.74;126.45;25.290000000000006;151.74;15.17;18.21;0;0;Tupi caoutchouc;PVKNGBMWL
155;15-04-2020  06:19;15-05-2020  13:08;close;668.42;68.00;68.00;736.42;133.68000000000006;870.10;87.01;104.42;0;0;VW Sports;JSLZPQVCJ,VSRODRRFM,QBKNLRHZU,PZZYIHADG
153;15-04-2020  06:19;15-05-2020  13:09;close;173.33;20.00;24.00;193.33;38.66999999999999;232.00;25.14;30.16;79.00;10.27;Innoquipe;MBSSSSBWZ,MSCQIBCZF,AWIXWJYJO,OJFZSODCD
154;15-04-2020  06:19;15-05-2020  13:09;close;10.75;4.91;5.89;15.66;3.129999999999999;18.79;1.88;2.25;18.79;2.25;Cress Sport;VENTYALKN
152;15-04-2020  06:19;15-09-2020  20:05;close;361.08;49.00;58.80;410.08;82.02000000000004;492.10;53.31;63.98;0;0;Sveltus;MMPFTFPSB,VFTYXBSIR
150;15-04-2020  06:19;15-06-2020  18:06;close;107.50;10.00;12.00;117.50;23.5;141.00;14.10;16.92;0;0;Tennis Scorer;JVDGNAQJJ
151;15-04-2020  06:19;01-06-2020  14:22;close;1497.70;132.50;159.00;1630.20;326.03999999999996;1956.24;211.93;254.31;0;0;Huck Occitania;PHIWQVYAP,CDRLMEMHC,MPRYWGUTB,GGXXFOLUK
149;01-04-2020  06:25;02-11-2020  10:58;close;10.00;0.00;0.00;10.00;2;12.00;1.30;1.56;12.00;1.56;Test Origami Marketplace;BEPYHIPGQ,ONWCDGLVF
148;01-04-2020  06:26;01-06-2020  14:22;close;41.67;35.00;42.00;76.67;15.329999999999998;92.00;9.20;11.04;0;0;CIDI Event;FRFLAYDXB
145;01-04-2020  06:25;15-04-2020  06:18;close;479.42;51.00;61.20;530.42;106.08000000000004;636.50;58.34;70.01;0;0;SCFR Impex;WHQLMNFOE,XEHUMSBFT,HAKPLLXKA,ZTDAROOJB,RJCIPWQTD,JCQXNOGII
146;01-04-2020  06:25;15-04-2020  06:18;close;279.16;12.48;14.97;291.64;58.31999999999999;349.96;45.49;45.49;0;0;Netsportique;YLOILSPDS,TPJSCOCQX,YMZYHXSOF
147;01-04-2020  06:24;;open;0;0;0;0;0;0;0;0;0;0;Big Breakers;
144;01-04-2020  06:27;15-05-2020  13:09;close;1685.73;86.50;103.80;1772.23;354.44000000000005;2126.67;212.65;255.21;0;0;Manutan Collectivités;EHXDRDQIF,JSLZPQVCJ,LLDHOVZRU,OCRFZKMPL,MBLGTSQUE
142;01-04-2020  06:26;01-06-2020  14:22;close;248.76;0.00;0.00;248.76;49.75;298.51;29.85;35.82;0;0;SLS Distribution;KVDMPZXEB,XFJVPZUZF
143;01-04-2020  06:25;15-04-2020  06:19;close;572.81;70.30;70.30;643.11;114.56999999999994;757.68;75.77;90.93;0;0;VW Sports;GNQVIMKIM,YEQXEMSLE,KVRDYGAIO,KLQQNIFPS,GUIILPDSW,FPFHORYBV
140;01-04-2020  06:27;15-06-2020  18:06;close;141.00;25.00;30.00;166.00;33.19999999999999;199.20;23.24;27.89;0;0;Iteuil sports;GUIILPDSW
141;01-04-2020  06:26;15-04-2020  06:19;close;380.89;53.24;63.89;434.13;86.84000000000003;520.97;52.10;62.52;106.79;10.68;Cress Sport;DUDVSCCUV,VCDIHVZWC,HVJCOQPTW,PKMUHBCQS,EPNKCSUHX
138;01-04-2020  06:24;16-08-2020  17:22;close;191.58;0.00;0.00;191.58;38.31999999999999;229.90;26.82;32.19;0;0;Chalet-Jardin;XGZVUVZCJ
139;01-04-2020  06:26;15-04-2020  06:19;close;96.68;10.00;12.00;106.68;21.329999999999984;128.01;13.87;16.64;0;0;Innoquipe;DUDVSCCUV
136;01-04-2020  06:26;01-06-2020  14:22;close;647.33;0.00;0.00;647.33;129.4699999999999;776.80;77.68;93.22;0;0;SET;ZYSJMPVLV
137;01-04-2020  06:19;28-09-2020  12:18;close;16.50;8.00;9.60;24.50;4.899999999999999;29.40;2.94;3.53;0;0;Parolai Stil'Eco;QOWPIRTCN
133;01-04-2020  06:25;15-04-2020  06:19;close;292.63;20.00;24.00;312.63;62.53000000000003;375.16;37.52;45.02;0;0;Tennis Scorer;NHGNJEIFP,JCWONGOQP
134;01-04-2020  06:25;15-04-2020  06:19;close;245.71;30.75;36.90;276.46;55.29000000000002;331.75;35.94;43.13;0;0;Huck Occitania;KVRDYGAIO,ETHCYIQWO
135;01-04-2020  06:26;15-04-2020  06:19;close;11.17;3.25;3.90;14.42;2.880000000000001;17.30;1.87;2.25;0;0;Sveltus;HVJCOQPTW
132;27-03-2020  09:55;01-07-2020  15:36;close;669.10;0.00;0.00;669.10;133.81999999999994;802.92;86.99;104.39;0;0;CMJN IMPRESSION;AMGXSMBFW,MJPJJMNQG,ERAZEQVYL,RFAQJPGVD,AEYUHUJLG,EQAMULAFE,KWFSICKMS,QMJJBLWFM,RXMTADATJ,NSBVPTICD
129;11-02-2020  08:53;15-05-2020  13:09;close;29.70;0.00;0.00;29.70;5.940000000000001;35.64;3.86;4.63;35.64;4.63;LEDUSTRY;SYVTVSDJK
130;18-02-2020  13:22;;open;0;0;0;0;0;0;0;0;0;0;VEKO LIGHTSYSTEMS;
131;25-03-2020  09:13;;open;0;0;0;0;0;0;0;0;0;0;UNREST;
127;21-01-2020  15:14;;open;0;0;0;0;0;0;0;0;0;0;RERI;
128;22-01-2020  16:16;;open;0;0;0;0;0;0;0;0;0;0;FRENCH PADEL SHOP;
125;19-12-2019  11:08;;open;0;0;0;0;0;0;0;0;0;0;Atelier du Fauteuil Roulant;
126;23-12-2019  13:44;15-10-2020  13:19;close;7962.09;0.00;0.00;7962.09;437.90999999999985;8400.00;910.00;1092.00;0;0;Tween;YSFZCARBY
122;07-12-2019  21:30;;open;0;0;0;0;0;0;0;0;0;0;IDS;
123;07-12-2019  21:40;;open;0;0;0;0;0;0;0;0;0;0;Sergio Tacchini;
124;12-12-2019  08:40;30-09-2020  16:08;close;70.83;8.00;9.60;78.83;15.769999999999996;94.60;7.88;9.46;0;0;Wilson;DWVSIOQDJ
121;05-12-2019  13:01;15-06-2020  18:06;close;628.00;58.00;68.80;686.00;136.39999999999998;822.40;89.09;106.92;0;0;2CI;BLEEXYQZY
119;26-11-2019  16:43;;open;0;0;0;0;0;0;0;0;0;0;HEAD;
120;26-11-2019  16:48;;open;0;0;0;0;0;0;0;0;0;0;Exhibit;
118;26-11-2019  13:46;15-10-2020  13:19;close;224.00;9.00;9.00;233.00;0;233.00;25.24;30.29;0;0;PADEL BEACH;NNCUTNWYL,KUERKFJTZ
117;26-11-2019  13:38;;open;0;0;0;0;0;0;0;0;0;0;Beach Company;
115;22-11-2019  14:32;;open;0;0;0;0;0;0;0;0;0;0;CMC Trophées;
116;26-03-2020  08:47;01-04-2020  06:24;close;281.66;0.00;0.00;281.66;56.329999999999984;337.99;39.43;47.32;0;0;Chalet-Jardin;MIVHQJUME
113;21-11-2019  14:08;15-10-2020  13:19;close;257.70;113.34;136.00;371.04;74.19999999999999;445.24;44.53;53.43;0;0;Plastimark France;MNWAYYZPR,FRQNOGCEK,GAWMOGLAM,ZGCKLPKFQ
114;21-11-2019  14:50;;open;0;0;0;0;0;0;0;0;0;0;René Pierre;
112;23-03-2020  13:24;01-04-2020  06:25;close;2045.78;203.00;243.60;2248.78;449.7399999999998;2698.52;292.34;350.81;0;0;Huck Occitania;RSVARUVJD,QPAPMJWHB,JSLZPQVCJ,DVDOZMZTX,ZZXNOWCYY,LFWXNDVZW,MBLGTSQUE,VDWZXUCYA,GNQKOVWZK,GFXZYGXTM,EIQUTVCYI,YEQXEMSLE
111;23-03-2020  13:18;01-04-2020  06:25;close;0;0;0;0;0;0;0;0;0;0;Test Origami Marketplace;
108;19-03-2020  13:18;01-04-2020  06:25;close;6783.40;725.00;725.00;7508.40;1356.6900000000005;8865.09;886.51;1063.82;0;0;VW Sports;OJZUNRBJB,SRBYFBIID,CILVCGVBA,PEMGWRJEF,BAYGSVROI,RZCJSFDEW,EDEIORYFK,WVVPZINLY,BWAUWXCAE,ETLQUXJAW,MAVQVKQRX,VEDBNJLOK,MUGRKVJYK,QEHHVQERZ,HQBYMDLUP,TRVQOJBJV,BQHKASIRQ,VAQZRIOTU,FRRLZPQYI,FCDAKQXGK,XFNRRVODZ,MDCPIXWXR,GBGHIWBDF,EZDZCIGYU,WFBSVNIUF,GHPQOQDXU,CMFUJQWPL,DXTPYPFOP,WTVREQSYD,RDMAQTPGA,PVNCWZMEH,CDRLMEMHC,VGVHAPCQE,BWESGMVQQ,OYKERORKA,EIQUTVCYI,WZMAYIUUX,TOGNMGWUB
105;23-03-2020  13:17;01-04-2020  06:25;close;550.42;89.80;107.76;640.22;128.04999999999995;768.27;70.43;84.51;0;0;SCFR Impex;QWZROJDRQ,DVMOTQAQW,BIGGIIUYS,OUZHPNNED,UNPLHHNSP,XAKSZFDGF,TZSEVDRBR,DHHJDKLUF,WQOZJGMXS,QPAPMJWHB
106;19-03-2020  13:17;15-04-2020  06:19;close;94.79;0.00;0.00;94.79;18.959999999999994;113.75;11.38;13.65;0;0;LSC Maintenance;JBGEIAJDX,SPYWEHYJP,CNDQZAMJZ
107;19-03-2020  13:17;01-04-2020  06:25;close;5739.99;120.00;144.00;5859.99;1171.96;7031.95;703.21;843.83;0;0;Tennis Scorer;OBZDWBGFS,IPLKVGPXS,CBHJWQJKJ,WWIYIZGUH,DQDLNTYQH,FXCKTEHCW,INBIJUMIO,TATFSWBTY,TBUUCDSYE,VIYZIVVMM,KLNGLNMWN,MUGRKVJYK,MYZBOAUOJ,HHCZTGPVS,ZSRMNQOYH,CTPNBYKIA,GBGHIWBDF,WEWQRJMYL,SZUVXPMQL,AATKFFZMT,DAJPKRSDP,GNQKOVWZK,ZTDAROOJB
104;23-03-2020  13:17;24-03-2020  09:45;close;4403.34;500.00;600.06;4903.33;874.9300000000003;5778.26;0.00;0.00;0;0;F.F.T.;YSACVUGMH,BBJDXDYXR,KVXMYIOKV,CGQSJJAZL,RYKDTENCH,QFDCDJBKQ,OZWPRXYAL,KKSQIFRXF,ADCKTXVHX,GJAUKPMBT,JBXXUKSUM,AIDKCEDXG,PBGUPZOQD,CMFKTNTBU,TBUUCDSYE,GHMROEPVB,SYNEQAGWZ,SGTXAOSGA,OATOMWMYM,BIUWSKTFM,KNATXDYCU,DOSHNUHOA,NAGAPYMIY,HXQQXHRIU,PDKKTNLCX,PSRFCLBFV,SURHVEHNU,TBWFKTSQY,MYFHCZTWM,ZFZNKOEUT,YYPGSOBUZ,DMOQYTSPZ,FGZYEZDNS,BBNRDWOJB,UOXSYGRVN,MNMIHDNDJ,STCTABXTE,JVHPQWDYA,AKXVNMLWQ,BWVELYPPC,ACOMRMFUQ,WUNZHLZVY,EHXDRDQIF,ESZYSYVAF,IVWBTZTBL,AZFXXSCLX,OMQJQRRHD,OJAFUUMDS,YZPFBGNAH,FAWMKOFXW,ATGNBUCUM,RZBNNLOWG,NYQZNGVZB,SOOMDNYDI,HBLSCXYLL,TMQIVTMHE,GSFEUXRJY,MIVHQJUME,XAKSZFDGF,PIZYCAEVL,MOCDCKZJT,KTAWHUUIS,DFSBIKOSQ,JJJASWPAI,HEPPJCEHP,JSLZPQVCJ,DVDOZMZTX,CFQOEONYY,SJTSHSLTK
103;19-03-2020  13:17;01-04-2020  06:25;close;12830.03;283.09;339.60;13113.12;2622.5099999999984;15735.63;2045.63;2045.63;0;0;Netsportique;LBXUSNRVO,GQWWAVSWQ,XDCPBYFKK,IUVDNCMSP,FAJEQGCRN,LJQMRONKA,RUMHHWBVU,OPGFYICAL,ASQAJOKJF,SRBYFBIID,CILVCGVBA,LKRLWNRIB,GJAUKPMBT,MUTBCLIVP,RHPMVSZXW,ZMTKRXFOM,MOZSQVQUV,VIAXYBUUR,CYFGEWYZI,WUNZHLZVY,EHXDRDQIF,LAYHFLGVC,ZHHBVDNHH,APBMUDRKW,LIVHJKSWC,NQDWNTFBP,GSFEUXRJY,TWMUWSRXE,SYDSDBERR,SMDJUSLNJ,HTWPZUKCT,QPAPMJWHB,WFBSVNIUF,JSLZPQVCJ,GCDVBJDUS,NIEWQCOFF,IGJZSZODA,TPMBJNWZE,RDMAQTPGA,LFWXNDVZW,WANOUCLTD,GNQKOVWZK,FORJZOVIU,HQSXAOUEH,YPDDRHWET,QVMTTZOTA,FYDWODHGZ,CTCEIPBMU,TZDHNAEGB,GWVUJIPJZ
102;19-03-2020  13:17;;open;0;0;0;0;0;0;0;0;0;0;Metrola;
81;19-03-2020  11:05;03-04-2020  08:11;close;1380.35;7.00;8.40;1387.35;277.47;1664.82;166.48;199.78;0;0;Sodex International;OCRFZKMPL,VDWZXUCYA,BWESGMVQQ,BNJXAEPHX,VUEBACKWU,TZDHNAEGB,SFTMXFRUC,DUDVSCCUV,JKVLKUUMA,EJIAJEKUD
110;19-03-2020  13:18;01-04-2020  06:26;close;322.00;70.00;84.00;392.00;78.39999999999998;470.40;47.04;56.45;214.80;25.78;CIDI Event;XAYVHXWXS
78;05-03-2020  10:41;11-05-2020  12:31;close;69.77;12.90;15.48;82.67;16.53;99.20;9.92;11.90;0;0;Casal Sport;IFQTUWFSI
76;01-03-2020  08:50;01-04-2020  06:26;close;179.83;0.00;0.00;179.83;35.95999999999998;215.79;21.58;25.89;0;0;SLS Distribution;DHHJDKLUF
75;05-03-2020  08:49;19-03-2020  17:41;close;1146.82;6.00;6.00;1152.82;229.37000000000012;1382.19;138.22;165.86;0;0;VW Sports;QWKEWVEPL,QVYHIITZE,HEYPQFPZS,RUMHHWBVU,ZJNTZNRUX,NNFAEXZBK
73;05-03-2020  08:49;19-03-2020  17:52;close;4355.42;66.65;79.96;4422.07;884.3800000000001;5306.45;689.84;689.84;0;0;Netsportique;HOTTSDYCA,NZNVNOFDF,YQIEFKFWG,OBZDWBGFS,WVVPZINLY,OFZWHHOBJ,TFWJWNJTP,EOFLLKUMW,DUDVSCCUV
74;05-03-2020  08:49;19-03-2020  17:52;close;2036.41;50.00;60.00;2086.41;417.2600000000002;2503.67;250.38;300.45;0;0;Tennis Scorer;NBJSWCLBW,HVCENUSLC,MHMZZRWTM,STMJIBUPB,RKTVKGRYN,RUMHHWBVU,ZGOZVACDX,FWXHKGZRY
72;01-03-2020  14:22;19-03-2020  13:28;close;71.58;0.00;0.00;71.58;14.320000000000007;85.90;8.59;10.31;0;0;Sodex International;CJPTCCSOO
71;01-03-2020  14:22;26-03-2020  08:47;close;191.58;0.00;0.00;191.58;38.31999999999999;229.90;26.82;32.19;0;0;Chalet-Jardin;CQHMAQOUY
69;01-03-2020  14:22;01-03-2020  14:24;close;789.17;0.00;0.00;789.17;157.83000000000004;947.00;94.70;113.65;0;0;SLS Distribution;FVQODYYDA
70;19-02-2020  14:22;15-04-2020  06:20;close;79.00;11.45;13.74;90.45;18.090000000000003;108.54;10.85;13.02;0;0;Tupi caoutchouc;CGQSJJAZL
68;01-03-2020  14:22;01-03-2020  14:24;close;340.50;0.00;0.00;340.50;68.11000000000001;408.61;40.86;49.04;0;0;VW Sports;USDYTGMUY,XKUKQPDHH,MFQJHSLXG
67;01-03-2020  14:22;01-03-2020  14:25;close;2154.09;29.12;34.93;2183.21;436.6300000000001;2619.84;340.59;340.59;0;0;Netsportique;IQYQAEPWJ,YSBTGRPWE,FDJHMIMOS,IPTKHHLVS,XKUKQPDHH,VNRZQHJVR,QOBKVZVYO,ACRPFCUWP,GVKGGZDXP,KAQHLMSGK
109;01-03-2020  13:18;01-04-2020  06:26;close;559.93;107.32;128.78;667.25;133.45000000000005;800.70;80.07;96.08;22.90;2.29;Cress Sport;RZCJSFDEW,MUTBCLIVP,IWUNEMOFP,CRSWCMGAL,BQHKASIRQ,DHHJDKLUF,QPAPMJWHB,WLLFZMQMZ,GHPEPYEUW,VFTYXBSIR,VSRODRRFM
66;28-02-2020  16:27;01-03-2020  14:25;close;860.26;0.00;0.00;860.26;172.04999999999995;1032.31;103.23;123.88;0;0;Tennis Scorer;RWXQLIQCW,QWLZHYQWA,YORCNUSDP
65;18-02-2020  15:55;19-03-2020  17:52;close;144.00;35.00;42.00;179.00;35.80000000000001;214.80;21.48;25.78;0;0;CIDI Event;TKOHECRXW
64;17-02-2020  15:55;01-04-2020  06:26;close;158.83;26.42;31.70;185.25;37.05000000000001;222.30;24.08;28.90;0;0;Sveltus;NLISUGGBV,RZCJSFDEW,DHHJDKLUF
62;18-02-2020  15:55;01-03-2020  14:26;close;151.16;25.00;30.00;176.16;35.22999999999999;211.39;21.14;25.36;0;0;Cress Sport;JYOQIUJUV,IAFGAGGBI
61;18-02-2020  15:55;01-03-2020  14:26;close;195.25;17.50;21.00;212.75;42.55000000000001;255.30;27.66;33.19;0;0;Huck Occitania;NBJSWCLBW
60;18-02-2020  15:55;23-03-2020  13:11;close;5886.50;745.90;895.15;6632.38;1053.08;7685.46;0.00;0.00;34.85;0.00;F.F.T.;RRTOJNPIZ,NGPLHHZTW,HIEFICTNP,FMJYWAUBW,GVXVEOGAZ,YOIILHOWO,CZEMWYQCL,MRAGHGBEG,OQKYJLRJM,JIEUWPOCM,XWPWIAVFQ,RICERSEXV,GPIIWWZOZ,BWFOHYOXH,FYBLROREG,RAHEOLQMH,ZXFIJSBNP,JEUXTZGBB,KZBRBRGRC,KASNIUEPF,EBGQSTFWK,KVCPDIRLX,CAEEJNUER,CCEQRTNLO,BGAJYLFBR,YMUFDQHDW,DHXZTKIHT,WHORELFFL,CDWKBVUAF,ZBAZKVIDA,AJQNZLRUG,OOIMMLHXJ,TPAUCLNKU,HOTTSDYCA,EWFZEIHAI,GQWWAVSWQ,AVSLJDGKI,HUDBKELBS,JJNMAUKSW,GXTWJPPEV,XNCDRRKTZ,YNQVZDUAZ,GVBTKRJDW,AFMCRSJFR,VGVGMWGYN,EIDQLBTMV,UNHQZLYLW,LSLRJFQYN,QXDPBYQGD,DCCRYLAJM,VUZVPCEWS,USDYTGMUY,MHMZZRWTM,PARTWZMRQ,PDGISMLXK,BBJNFNPJT,HTCAYKPWM,XCEBECDSQ,WJYLXIEVR,WDIUIIGIT,KMDZTCFHS,VKHGJTNKN,QWZROJDRQ,WIYVSWQOW,BDHKPUYZV,NLYLPGOOB,CHVVVYMTE,LLBPHBGFT,ABRKZFDBS,XEVXXPEBF,TTSQACPJH,LNKBFJEHC,OCFWTDXEH,CPCLWDKLL,EUVEOPHFS,BPCEAFKPA,MZIDSCXGM,DVMOTQAQW,PEKPTQQLU,WTDXHNRKT,FKMSEKDSS,TAMWKYVDO,SITCLWIOO,PEWHBOYXL,JPIHQUXKL,YOSDQIGED,TRTUNHXDF,LKKOIHHZX,NBQYFHDVJ,ZTDAROOJB,TBNYDURNZ,FYDWODHGZ,GWVUJIPJZ,LNFAEKDOA,DTERDCXQH,DUDVSCCUV
56;18-02-2020  15:55;19-03-2020  17:52;close;812.88;0.00;0.00;812.88;162.58000000000004;975.46;97.55;117.06;0;0;LSC Maintenance;RDOEGWMDT,HGYMPLGIU,IZNPSTICV,UQFCCGWNY,OOOEAZKGI,HGJSGAOJW,JTPYZXDIB
58;18-02-2020  15:55;01-03-2020  14:27;close;262.51;16.00;19.20;278.51;55.69;334.20;36.21;43.45;0;0;Innoquipe;LHALCNTPZ,HMXKPISPJ,FYBLROREG
55;18-02-2020  15:55;19-03-2020  17:52;close;173.58;37.50;45.00;211.08;42.22;253.30;25.33;30.39;0;0;Cress Sport;BYHOIJHRC,AABHJEMTP,AVAUZWFMA
54;01-03-2020  15:55;23-03-2020  13:24;close;4425.48;412.54;495.05;4838.02;967.5899999999992;5805.61;628.95;754.72;0;0;Huck Occitania;IQYQAEPWJ,NFVUAKNPD,ASEYJMLXB,USDYTGMUY,EJNAZXYWP,ACRPFCUWP,KAQHLMSGK,FWXHKGZRY,PEKPTQQLU,CILVCGVBA,NNFAEXZBK,FXCKTEHCW,EHUMPVTFH,ACEXDAVIP,QBGYEYIXE,GBZRBXYOL,RIETASSDH,PRENNABXI,MUGRKVJYK,WUNZHLZVY,EHXDRDQIF,LFGQCLLSV,CTNKMAVQH
52;01-03-2020  15:55;01-04-2020  06:26;close;4421.68;275.00;330.00;4696.68;939.2999999999993;5635.98;610.55;732.68;0;0;Innoquipe;JYOQIUJUV,HOTTSDYCA,AVSLJDGKI,IAFGAGGBI,WJYLXIEVR,VKHGJTNKN,HZITGUWAQ,UOVALTPAW,DVMOTQAQW,PEKPTQQLU,EMAPMQTHS,IPONRYYYL,AVAUZWFMA,WROTXOUIO,RZCJSFDEW,MUTBCLIVP,IWUNEMOFP,MOZSQVQUV,ACOMRMFUQ,MUGRKVJYK,ESZYSYVAF,NQDWNTFBP,SOOMDNYDI,MMPFTFPSB,NMMPIDMMG,MIVHQJUME,XAKSZFDGF,BQHKASIRQ,TZSEVDRBR,MZDPNFULB,DHHJDKLUF,WQOZJGMXS,QPAPMJWHB,TXFBLGOUG,GHPEPYEUW,URCCXRVTJ,BWESGMVQQ,HVJCOQPTW,YLOILSPDS
51;17-02-2020  09:16;13-10-2020  15:17;close;409.58;28.00;33.60;437.58;28.110000000000014;465.69;48.51;58.22;0;0;Editions Amphora;JNLZUQXLY,NUYQSDUNQ,OUMAYXZCL,EKEVSMCIR,BOXEUZXGB,HLXSRORAQ,GENQDHQZU,MYHMOHVJY
50;17-02-2020  09:16;01-04-2020  06:24;close;66.63;6.67;8.00;73.30;14.659999999999997;87.96;9.53;11.43;0;0;Big Breakers;PTBEBBDZM
49;17-02-2020  09:16;01-04-2020  06:26;close;647.33;0.00;0.00;647.33;129.4699999999999;776.80;77.68;93.22;0;0;SET;YWCKTPWOZ
46;17-02-2020  09:16;17-02-2020  10:13;close;524.94;73.92;88.70;598.86;119.76999999999998;718.63;77.85;93.42;0;0;Huck Occitania;HTYFMAQNA,OQKYJLRJM,CXZCSVISS,RIQKFYICA,EIPZIYFJR,GXLCUOIDI
47;17-02-2020  09:16;17-02-2020  10:12;close;74.00;12.41;14.89;86.41;17.28;103.69;10.37;12.44;0;0;Cress Sport;JHDBCZYZZ,PGEKPVSYM
48;17-02-2020  09:16;17-02-2020  10:07;close;174.17;27.34;32.80;201.51;40.29000000000002;241.80;26.19;31.44;0;0;Sveltus;OQKYJLRJM,UBFAVKSIP
45;05-02-2020  13:06;17-02-2020  10:00;close;558.33;31.00;37.20;589.33;117.87;707.20;76.61;91.94;474.00;61.62;Innoquipe;OQKYJLRJM,UBFAVKSIP,TPCDOVEWF,SPGPCEEIH
44;31-01-2020  11:00;19-03-2020  17:53;close;961.28;0.00;0.00;961.28;192.24;1153.52;115.37;138.42;1153.52;138.42;Metrola;XTBRYMRRQ,JEJZVKGJE,OOOEAZKGI,CYXKIMQJL,AZHYBKNZQ,VJGDVDGBR,JKVLKUUMA,AMPVIKSWE
41;31-01-2020  11:00;18-02-2020  17:01;close;545.26;0.00;0.00;545.26;109.04999999999995;654.31;65.43;78.52;0;0;VW Sports;ENBOTCLSP,HEBKGPHBL,NZNVNOFDF
42;31-01-2020  11:00;01-04-2020  06:19;close;35.33;8.00;9.60;43.33;8.670000000000002;52.00;5.20;6.24;0;0;Parolai Stil'Eco;TVUNJWFVP
43;31-01-2020  11:00;17-02-2020  09:52;close;104.16;0.00;0.00;104.16;20.840000000000003;125.00;12.50;15.00;0;0;LSC Maintenance;ILOSYQJKD,BKSYTLUGL,GVFMRBUBR,VTKYKZCFH
31;31-01-2020  11:00;20-07-2020  15:04;close;294.99;0.00;0.00;294.99;59;353.99;36.87;44.24;184.79;22.01;Babolat;YKILSQGFU,OQKYJLRJM,DMVILEFSP
32;31-01-2020  11:00;;open;4100.05;101.85;122.22;4201.90;840.3400000000001;5042.24;504.21;605.06;3587.94;430.55;Nemo loisirs pro;DUBEOGXXQ,KVCFEHILW,OKQUJBTLH,MZIDSCXGM,WROTXOUIO,QUZJMUGZQ,KFPHEMHSF,GWVUJIPJZ,GJTPAXCFM,HPFCBUGIM,QNXAXSNPJ,XSNICTCMI,QZEXRNBKR,ZZSEXKVVI,KFOQQADII,YIANQFMJD,MGPTJLXSY,CPYUWDJZN,OTUZSOBNR,IAAKQLLNQ,RMHAGMGLN,XNUQZBYOW,RHDWQRYYW,RMVGTMTXD,FBMFSKXBO,ZUCWPFFNK,SHIRTJMWZ,TWXGHCXZR,ZVXOBXWCF,VFFHSXHBF,DDNNSWILT,ORWZFXKCQ
33;31-01-2020  11:00;05-03-2020  10:35;close;45.81;12.90;15.48;58.71;11.740000000000002;70.45;7.04;8.45;0;0;Casal Sport;JHDBCZYZZ
34;31-01-2020  11:00;01-04-2020  06:27;close;1951.73;295.00;354.00;2246.73;449.32000000000016;2696.05;269.61;323.52;0;0;Manutan Collectivités;NWQAHAVHH,YZRGCIRCJ,LIBMMJUQH,AAKBRTKPC,NZNVNOFDF,NBJSWCLBW,ASEYJMLXB,HVCENUSLC,TPOHIYNLZ,RKTVKGRYN,IEQFIMTWN,AABHJEMTP,CRSWCMGAL,ICJIXQBWG
35;31-01-2020  11:00;18-02-2020  17:01;close;2130.41;0.00;0.00;2130.41;426.09000000000015;2556.50;332.34;332.34;0;0;Netsportique;YKILSQGFU,TYEIWUVZI,LHALCNTPZ,YZRGCIRCJ,JHDBCZYZZ,BGVVQNVPO,HZIXWBMRB,LIBMMJUQH,ZMXZLLCPO,NGUFQPHPR,KYHRATAGG,EIPZIYFJR,UMFIQZITG,IAFGAGGBI,VADQPLMWO
36;31-01-2020  11:00;18-02-2020  17:01;close;115.00;1.00;1.20;116.00;23.19999999999999;139.20;13.92;16.70;0;0;Tupi caoutchouc;LHALCNTPZ
37;31-01-2020  11:00;31-01-2020  14:25;close;54.00;10.75;12.90;64.75;12.950000000000003;77.70;8.42;10.10;0;0;Sveltus;LHALCNTPZ
38;31-01-2020  11:00;18-02-2020  17:01;close;2285.93;50.00;60.00;2335.93;467.19000000000005;2803.12;280.32;336.38;92.00;11.04;Tennis Scorer;BJGNXCCUF,NOIGAOEYZ,BGAJYLFBR,YSBTGRPWE,KLEZTDORO,PCXNEVBUC,AAKBRTKPC,NGKPXXGOS,JKHUGBEKA
39;31-01-2020  11:00;17-06-2020  09:18;close;812.00;0.00;0.00;812.00;162.39999999999998;974.40;105.56;126.68;0;0;France Filets;QXDIPJSXW,MXWQVXPNA,YYITVBHUT,ILQFIWRYX
40;31-01-2020  11:00;19-03-2020  18:58;close;227.92;47.40;56.88;275.32;55.05000000000001;330.37;30.27;36.34;0;0;SCFR Impex;ENBOTCLSP,UBFAVKSIP,ENWSOIAQF,BIJMEGLOS,LGLEGCTDR,BVJQGDDIV
25;31-01-2020  11:00;18-02-2020  08:16;close;864.08;75.09;90.13;939.17;96.63;1035.80;0.00;0.00;0;0;F.F.T.;XQTLPHQHX,XUDOSNLAT,GANNKIRZR,RLFPWCOCP,XVHAMZSWK,ABTOMQSVU,NPWSDSCGO,GHLKIYIRW,YKILSQGFU,KCXPRISFO
26;31-01-2020  11:00;31-01-2020  14:13;close;267.50;17.50;21.00;285.00;57;342.00;37.05;44.46;0;0;Innoquipe;XSUKEJNVQ,YXAXUWUGA,FPXOWZAXT
27;31-01-2020  11:00;01-04-2020  06:27;close;1285.00;118.00;141.60;1403.00;280.5999999999999;1683.60;193.42;232.11;0;0;Iteuil sports;XSUKEJNVQ,BGAJYLFBR,WJYLXIEVR,AEOQOVYMP
28;31-01-2020  11:00;31-01-2020  14:22;close;118.84;22.32;26.78;141.16;28.22999999999999;169.39;16.94;20.32;0;0;Cress Sport;YXAXUWUGA,YKILSQGFU,LHALCNTPZ
29;31-01-2020  11:00;31-01-2020  14:20;close;283.49;26.17;31.40;309.66;61.92999999999995;371.59;40.26;48.31;0;0;Huck Occitania;LTJKFUZWT,JNBANCBAK
30;31-01-2020  11:00;18-02-2020  16:47;close;789.17;0.00;0.00;789.17;157.83000000000004;947.00;94.70;113.64;947.00;113.64;SLS Distribution;FPXOWZAXT
7;24-01-2020  16:53;30-01-2020  18:18;close;33.60;12.90;15.48;46.50;9.299999999999997;55.80;5.58;6.70;0;0;Casal Sport;BGAJYLFBR
