ID avis;Note;Avis;Date;Type;ID produit;Nom;ID commande;ID client
27;4.00;Pas de souci;18/02/2020;seller;53;Innoquipe;200;618
28;3.00;Correct;18/02/2020;product;9399;Jeu de lancer de précision;200;618
29;3.00;Emballage de livraison à revoir. Délai de livraison respecté;20/02/2020;seller;53;Innoquipe;197;608
30;5.00;correspond à la description et aux attentes;20/02/2020;product;10097;lot de 3 balles de réaction dure 10 cm;197;608
31;5.00;RAS;20/02/2020;seller;55;Cress Sport;198;608
32;5.00;RAS;20/02/2020;product;8086;Lot de 50 plots souples 5 couleurs;198;608
33;3.00;bonne expérience, le seul souci est que les livraisons ne sont pas centralisées donc plusieurs réceptions à différents moments (pollution, logistique etc...);25/02/2020;seller;34;F.F.T.;337;736
34;4.00;;25/02/2020;product;7552;BALLES VIOLETTES X 10;337;736
36;4.00;;25/02/2020;product;10223;Ballon Paille;337;736
37;4.00;Commande reçue assez rapidement.;25/02/2020;seller;34;F.F.T.;219;160
39;5.00;;25/02/2020;product;8016;STATUTS ET REGLEMENTS;219;160
40;5.00;;25/02/2020;product;8018;L'ARBITRAGE EN 255 QUESTIONS;219;160
41;5.00;;25/02/2020;product;8019;ETABLISSEMENT DES TABLEAUX - METHODE;219;160
42;5.00;Interface simple, commande livrée rapidement.;01/03/2020;seller;34;F.F.T.;607;1459
43;5.00;;01/03/2020;product;8015;MÉDAILLE GALAXIE TENNIS;607;1459
44;5.00;Malgré le confinement service client au top, bon déconfinement et reprise à tous !;14/05/2020;seller;55;Cress Sport;897;1966
45;4.00;;14/05/2020;product;7857;Corde à sauter Alu PRO SPEED;897;1966
46;4.00;;14/05/2020;product;9365;Elastique de survitesse 3 Mètres;897;1966
47;3.00;Je trouve que les tarifs on augmentés par rapport à la Centrale du Club, en plus maintenant il y a les frais de port;17/05/2020;seller;64;Casal Sport;759;1706
48;4.00;RAS;17/05/2020;product;10273;CÔNES DE JEU EXTRA SOUPLES + SUPPORT;759;1706
49;4.71;Un bon suivi , et bonne écoute;20/05/2020;seller;57;SLS Distribution;916;2031
50;5.00;De bonne fabrication,;20/05/2020;product;7517;SpotOn - aide au placement et plan de frappe;916;2031
51;5.00;Bonne;20/05/2020;seller;56;Sodex International;899;913
52;5.00;;20/05/2020;product;8391;Filet de tennis 4mm maille double avec bande;899;913
53;5.00;xxxx;26/05/2020;seller;68;LSC Maintenance;965;193
54;5.00;xxxxx;26/05/2020;product;7571;Carte perforée VINGCARD;965;193
55;5.00;X;27/05/2020;seller;56;Sodex International;941;2082
56;5.00;;27/05/2020;product;8391;Filet de tennis 4mm maille double avec bande;941;2082
57;1.36;Aucun respect sur le délai de livraison, le paquet de masque est mis en vrac dans le carton , carton en mauvais état;29/05/2020;seller;64;Casal Sport;928;243
58;2.00;Très moyen;29/05/2020;product;11007;Gel hydroalcoolique - flacons 1L et 500mL;928;243
59;5.00;Parfait;29/05/2020;product;10275;CRAIES GEANTES;928;243
60;5.00;Parfait;29/05/2020;product;10274;CRAIE BOMBE;928;243
61;5.00;difficulté suite crise covid-19;29/05/2020;seller;34;F.F.T.;820;897
62;5.00;;29/05/2020;product;8009;RÉGULATEUR DE TENSION;820;897
63;2.50;Le délai de livraison a été de 2 mois ! Période exceptionnelle je l'accorde mais je suis obligé de le préciser.;29/05/2020;seller;64;Casal Sport;832;1829
64;4.00;Conforme à la commande;29/05/2020;product;10311;LIGNE DE DELIMITATION PVC SOUPLE;832;1829
65;2.50;"La commande a été passée il y a 2 mois ! Il est vrai que la période que nous venons de vivre est exceptionnelle et à eu des répercutions sur les livraisons 
mais il n'y a eu aucune communication.";29/05/2020;seller;34;F.F.T.;831;1829
66;4.00;Conforme à la commande;29/05/2020;product;8009;RÉGULATEUR DE TENSION;831;1829
67;3.14;frais de livraison exagérés;29/05/2020;seller;34;F.F.T.;887;1220
68;5.00;conforme à l'attendu;29/05/2020;product;8001;PANCARTE CLUB AFFILIÉ FFT;887;1220
69;3.00;manque un mat pour le drapeau, n'était pas indiqué sur la fiche produit qu'il n'y en avait pas;29/05/2020;product;8002;DRAPEAU FFT;887;1220
70;3.86;'' ';30/05/2020;seller;34;F.F.T.;828;1813
71;5.00;;30/05/2020;product;8015;MÉDAILLE GALAXIE TENNIS;828;1813
72;3.86;Déçu car +15 jours pour cette livraison.;01/06/2020;seller;34;F.F.T.;823;1817
73;3.00;Régulateur assez fragile face aux intempéries. Obligé de changer tous les 2 ans.;01/06/2020;product;8009;RÉGULATEUR DE TENSION;823;1817
74;5.00;Très bien, rappel téléphonique pour confirmer et préciser la commande;02/06/2020;seller;42;Tennis Scorer;1002;1416
75;5.00;;02/06/2020;product;8123;MODELE COMPACT+ ADHESIF BEACH;1002;1416
76;4.71;bonne;02/06/2020;seller;43;Huck Occitania;1009;779
77;5.00;bonne;02/06/2020;product;9149;Régulateur (lot de 5);1009;779
78;3.93;"Le site propose un lien vers les conditions générales de vente; Ce lien ne s'ouvre pas donc le client n'a pas accès au conditions générales de vente.....avant achat!
Par contre on a accès aux conditions générales d'utilisation .....";02/06/2020;seller;56;Sodex International;970;2119
79;2.00;"Le filet commandé est plus basique que celui qui était en place sur mon terrain: pas de bande plastique en bas du filet, sangle centrale avec anneau plastique et non en fer. Donc une qualité moindre mais conforme au produit présenté.
Sur les photo ont voit que le haut des filet et pas le bas. Ce qui est dommage....";02/06/2020;product;8388;Filet tressé à 3mm, 6 mailles doubles;970;2119
80;4.71;très bien, rapidité de livraison;02/06/2020;seller;56;Sodex International;967;2113
81;4.00;conforme au descriptif;02/06/2020;product;8357;Câble acier gainé Lg 13m80;967;2113
82;4.71;bonne;03/06/2020;seller;56;Sodex International;1007;779
83;5.00;bonne;03/06/2020;product;8389;Filet tressé à 3mm maille double avec bandes PVC;1007;779
84;4.71;toujours été satisfaits par ce vendeur;04/06/2020;seller;64;Casal Sport;937;2064
85;5.00;efficace;04/06/2020;product;11007;Gel hydroalcoolique - flacons 1L et 500mL;937;2064
86;4.43;RAS;05/06/2020;seller;65;Manutan Collectivités;931;2057
87;5.00;RAS;05/06/2020;product;11037;Désinfectant HAGRAL MITTAL V - 5L;931;2057
88;4.00;RAS;05/06/2020;product;11025;Distributeur mural Medial 1L;931;2057
89;4.71;Transaction normale sans problème particulier;07/06/2020;seller;53;Innoquipe;71;104
90;3.00;De bonne qualité mais instable et difficile à déplacer;07/06/2020;product;9394;Cible avec filet;71;104
91;5.00;De bonne qualité;07/06/2020;product;9399;Jeu de lancer de précision;71;104
92;5.00;Très bonne réactivité du vendeur et produit arrivé dans les meilleurs délais;09/06/2020;seller;68;LSC Maintenance;1064;1490
93;5.00;Produit OK;09/06/2020;product;7571;Carte perforée VINGCARD;1064;1490
94;5.00;Ras;10/06/2020;seller;68;LSC Maintenance;1241;2389
95;5.00;;10/06/2020;product;7568;Serrure d'accès court à cartes perforées pour porte grillagée (port compris);1241;2389
96;2.36;Bonjour j'avais demandé des cles et deux cadenas avec des lettres différentes de A et I , j'ai reçu des cadenas I et des Clés E;11/06/2020;seller;34;F.F.T.;1055;2224
97;3.00;;11/06/2020;product;11070;Cadenas à chaîne;1055;2224
98;3.00;;11/06/2020;product;11057;Clé pour cadenas;1055;2224
99;5.00;TOP;12/06/2020;seller;64;Casal Sport;1110;1490
100;4.00;RAS;12/06/2020;product;11050;Gel hydroalcoolique Wyritol 300 ml;1110;1490
101;4.50;"Livraison rapide. Pas de contact direct avec le vendeur puisque commande en ligne
J'aurais aimé avoir l'info sur le délai quand j'ai passé la commande.";13/06/2020;seller;34;F.F.T.;1262;1755
102;4.00;;13/06/2020;product;8015;MÉDAILLE GALAXIE TENNIS;1262;1755
103;4.00;RAS;15/06/2020;seller;71;Netsportique;1232;1506
104;4.00;;15/06/2020;product;10961;Afficheur de score - Carrington - 60 x 46cm;1232;1506
105;3.86;La commande s'est faite par internet .;15/06/2020;seller;68;LSC Maintenance;1277;2247
106;4.00;Rien à signaler;15/06/2020;product;7571;Carte perforée VINGCARD;1277;2247
107;2.21;"Je suis mitigé car la personne qui m'a appelé est charmante mais force est de constaté que le produit indiqué comme ""livré"" ne l'a pas été car le transporteur a semble t il pas trouvé l'adresse et d'autre part à omis de nous appeler au préalable comme indiqué dans la commande.";16/06/2020;seller;1822;CMJN IMPRESSION;1092;2304
108;1.00;;16/06/2020;product;10983;PANNEAU APRÈS CHAQUE PARTIE 0152;1092;2304
109;5.00;Efficace et rapide.;16/06/2020;seller;1822;CMJN IMPRESSION;1257;2203
110;5.00;Panneaux esthétiques et suffisamment rigides.;16/06/2020;product;10999;PANNEAU N° DE COURT CHIFFRE TENNIS 0148;1257;2203
111;5.00;Rapidité ,qualité ,rien à ajouter;17/06/2020;seller;68;LSC Maintenance;1278;2436
112;5.00;Qualité régulière ,tout va bien;17/06/2020;product;7571;Carte perforée VINGCARD;1278;2436
113;2.86;Pas d'informations et délai très long;17/06/2020;seller;56;Sodex International;946;2083
114;4.00;;17/06/2020;product;8371;Régulateur avec velcro et boucle;946;2083
115;1.00;"Rien reçu à ce jour
Problème de transport";17/06/2020;seller;71;Netsportique;1127;2357
116;4.14;Une honte de faire payer les frais de ports;18/06/2020;seller;34;F.F.T.;1260;698
117;4.00;;18/06/2020;product;8015;MÉDAILLE GALAXIE TENNIS;1260;698
118;3.93;BONNE EXPERIENCE;18/06/2020;seller;34;F.F.T.;1128;2368
119;5.00;;18/06/2020;product;8015;MÉDAILLE GALAXIE TENNIS;1128;2368
120;5.00;Tout s'est bien passé. Satisfait.;19/06/2020;seller;56;Sodex International;934;2050
121;1.00;Produit pas encore monté. Donc je ne peux pas le noter.;19/06/2020;product;8349;Poteaux carré à sceller en acier galvanisé avec treuil intérieur;934;2050
122;5.00;"Livré le surlendemain, produits conformes et très bien emballés. 
Quand à la communication il n'y a pas assez d'étoiles pour l'évaluer à sa juste valeur!
Steph";19/06/2020;seller;57;SLS Distribution;1427;1886
123;3.00;Manque de recul pour évaluer ce produit.;19/06/2020;product;7518;Heavy Trainer - lest de raquette pour entrainement;1427;1886
124;3.00;Manque de recul pour évaluer ce produit;19/06/2020;product;7517;SpotOn - aide au placement et plan de frappe;1427;1886
125;4.00;Pas de souci;19/06/2020;seller;59;VW Sports;1208;1506
126;4.00;;19/06/2020;product;10565;Coque chaise arbitre;1208;1506
127;4.00;Pas de souci;19/06/2020;seller;56;Sodex International;1231;1506
128;4.00;;19/06/2020;product;8355;Poteaux en acier carré sur platine avec treuil intérieur;1231;1506
129;4.00;Pas de souci;19/06/2020;seller;56;Sodex International;1207;1506
130;4.00;;19/06/2020;product;9951;Bande de remplacement PES;1207;1506
131;5.00;conforme à la commande;20/06/2020;seller;56;Sodex International;1282;2438
132;5.00;bonne;20/06/2020;product;9952;Bande de remplacement PVC;1282;2438
133;5.00;livraison dans la boite à lettre très bien;20/06/2020;seller;34;F.F.T.;1283;2438
134;5.00;solide et durable;20/06/2020;product;8009;RÉGULATEUR DE TENSION;1283;2438
135;4.86;Très bien. Hyper rapide.;21/06/2020;seller;55;Cress Sport;1422;2515
136;5.00;;21/06/2020;product;8089;Cerceaux souples anti-dérapants;1422;2515
137;4.86;Très bien . Article correspondant à ce que je m attendais. Livraison rapide.;21/06/2020;seller;53;Innoquipe;1421;2515
138;5.00;TB;21/06/2020;product;10097;lot de 3 balles de réaction dure 10 cm;1421;2515
139;5.00;Parfait;21/06/2020;product;10096;lot de 3 balles réactions 7cm;1421;2515
140;3.86;Délai de livraison trop long.;23/06/2020;seller;34;F.F.T.;1401;1177
141;4.00;;23/06/2020;product;8018;L'ARBITRAGE EN 255 QUESTIONS;1401;1177
142;4.00;;23/06/2020;product;8019;ETABLISSEMENT DES TABLEAUX - METHODE;1401;1177
143;4.00;;23/06/2020;product;8020;ETABLISSEMENT DES TABLEAUX - EXERCICES;1401;1177
144;4.79;"Problème lors de la livraison , 1 produit manquant et détérioré  ( vol  et produit abimé pendant l'acheminement)
Produits  remplacés  sans aucuns soucis, réactivité pro.";23/06/2020;seller;64;Casal Sport;1223;1773
145;5.00;;23/06/2020;product;11050;Gel hydroalcoolique Wyritol 300 ml;1223;1773
146;4.07;Aucunes communication sur les délais de livraison. Mais reçu 10 jours après la commande.;24/06/2020;seller;34;F.F.T.;1309;408
147;4.00;;24/06/2020;product;8015;MÉDAILLE GALAXIE TENNIS;1309;408
148;3.86;"pas de problème particulier; délai de livraison un peu long";24/06/2020;seller;34;F.F.T.;1297;2449
149;5.00;"conforme à la demande ; pas de problème";24/06/2020;product;8018;L'ARBITRAGE EN 255 QUESTIONS;1297;2449
150;5.00;Pas de souci;24/06/2020;seller;56;Sodex International;1410;2502
151;4.00;Conforme à la description;24/06/2020;product;8389;Filet tressé à 3mm maille double avec bandes PVC;1410;2502
152;4.07;Frais de livraison élevés par rapport au délai;24/06/2020;seller;64;Casal Sport;1244;2398
153;3.00;;24/06/2020;product;11051;Gel hydroalcoolique Wyritol 5L;1244;2398
154;2.64;Delai trop long;26/06/2020;seller;65;Manutan Collectivités;1076;2290
155;3.00;Sans opinion.;26/06/2020;product;11037;Désinfectant HAGRAL MITTAL V - 5L;1076;2290
156;4.36;Très bien;26/06/2020;seller;34;F.F.T.;1418;2515
157;5.00;parfaites;26/06/2020;product;8425;SERVIETTES JOUEUR ROLAND-GARROS 2019;1418;2515
158;1.00;Commande catastrophique : adresse fausse alors que j'avais donné la bonne adresse, les balles violettes sont graisseuses, j'ai dû les laver, la pompe est rouillée à l'intérieur et l'autocollant est décollé... franchement j'ai dû aller 4 fois à la Poste pour récupérer mon colis et la prochaine fois, pour les balles violettes ce sera chez Artengo, au moins elles sont propres et déjà gonflées et déjà à la bonne adresse...;03/07/2020;seller;34;F.F.T.;1560;2669
159;1.00;Balles violettes graisseuses et pompe rouillée à l'intérieur !!!;03/07/2020;product;7552;BALLES VIOLETTES X 10;1560;2669
160;4.00;Très bien avec accessoires utiles;03/07/2020;product;10223;Ballon Paille;1560;2669
161;4.64;Première commande;03/07/2020;seller;56;Sodex International;1517;2631
162;5.00;Robuste;03/07/2020;product;8389;Filet tressé à 3mm maille double avec bandes PVC;1517;2631
163;5.00;Bonne;05/07/2020;seller;88;France Filets;1299;2451
164;4.00;Produits commandés reçus en bon état, juste le délai un peu long !;05/07/2020;seller;53;Innoquipe;1194;2379
165;4.00;;05/07/2020;product;9386;Tube collecteur de balles;1194;2379
166;4.64;le site n'est cependant pas facile d'utilisation;05/07/2020;seller;68;LSC Maintenance;1492;2590
167;4.00;;05/07/2020;product;7571;Carte perforée VINGCARD;1492;2590
168;4.29;Très bon vendeur. Je recommande ce vendeur.;07/07/2020;seller;34;F.F.T.;1419;2515
169;5.00;Très bonne qualité. Livraison très rapide.;07/07/2020;product;10147;DUO DE POIGNET FRANCE;1419;2515
170;5.00;xxxx;09/07/2020;seller;68;LSC Maintenance;1650;193
171;5.00;;09/07/2020;product;7571;Carte perforée VINGCARD;1650;193
172;5.00;EXPERIENCE SATISFAISANTE    COMMANDE RECUE RAPIDEMENT CONFORME A LA DEMANDE;11/07/2020;seller;56;Sodex International;1602;2733
173;5.00;TRES SATISFAISANTE;11/07/2020;product;9953;Filet tressé à 4mm maille simple;1602;2733
174;5.00;très réactif et efficace;13/07/2020;seller;59;VW Sports;1533;1356
175;5.00;produit conforme;13/07/2020;product;10564;Coque chaise arbitre;1533;1356
176;4.21;"Je n'ai pas pu le recevoir, mais il m'as tenue au courant par téléphone. 
Très bonne livraison!!!";14/07/2020;seller;34;F.F.T.;1628;2765
177;1.00;Très bon produit, des commandes futur son a venir!!;14/07/2020;product;10144;CASQUETTE COQ FRANCE;1628;2765
178;4.00;Tres bonne qualite;14/07/2020;product;10152;SWEAT ZIPPE FFT FINALE;1628;2765
179;1.00;Je n ai pas reçu la commande!!!!!!!;14/07/2020;seller;64;Casal Sport;1617;2726
180;1.00;Pas reçu;14/07/2020;product;11059;Solution Gel Hydroalcoolisé 3 litres;1617;2726
181;1.00;Pas recu;14/07/2020;product;11051;Gel hydroalcoolique Wyritol 5L;1617;2726
182;5.00;Impeccable;15/07/2020;seller;56;Sodex International;1619;2726
183;4.00;;15/07/2020;product;8396;Filet de mini tennis 6m;1619;2726
184;5.00;Pas de souci particulier.;15/07/2020;seller;65;Manutan Collectivités;1409;2502
185;5.00;Conforme à la description.;15/07/2020;product;9035;VITRINE EXTERIEUR FOND TOLE;1409;2502
186;3.43;"Malgré ma demande, toujours pas reçu de facture !!
que faire ?";15/07/2020;seller;65;Manutan Collectivités;956;655
187;3.00;;15/07/2020;product;11004;Bobines d'essuyage Tork - Lot de 11 rouleaux;956;655
188;3.00;Vous m'avez livré un mauvais produit, ni la taille ni la couleur demandée. Aucune réponse à mes emails aux services client de FFT et de Manutan. je suis TRES déçu.;16/07/2020;seller;65;Manutan Collectivités;987;2145
189;1.00;Vous m'avez livré un mauvais produit, ni la taille ni la couleur demandée. Aucune réponse à mes emails aux services client de FFT et de Manutan. je suis TRES déçu.;16/07/2020;product;9059;Banc PVC 2 m;987;2145
190;5.00;"Merci pour tout ce fut une expérience fantastique. Au plaisir de recommander chez vous ;)";16/07/2020;seller;2690;Jumbee;1656;2806
191;5.00;Parfait mais je suis un peu trop fort, c'est embêtant pour mes adversaires.;16/07/2020;product;11505;Jumbee;1656;2806
192;5.00;"Bonjour,
J'ai commandé 80 cartes fléchées au prix de 100 € ttc, qui ont été retirés par contre la facture qui était avec les cartes était de 80 € ttc.
Qu'en pensez-vous ? ou est l'erreur ?
Cordialement 
Guy Bruyassier Président du SAS Tennis";16/07/2020;seller;34;F.F.T.;1696;2676
193;5.00;;16/07/2020;product;8000;CARTES DE MEMBRE;1696;2676
194;4.50;RAS - Produit conforme à nos attentes - livraison rapide - n'avons pas eu de contact direct avec le vendeur;16/07/2020;seller;34;F.F.T.;1687;1727
195;5.00;"Médailles de belle qualité qui raviront les enfants lors de la remise des prix.
Juste un petit bémol, les tours de cou sont vraiment grands pour les enfants ;-)";16/07/2020;product;8015;MÉDAILLE GALAXIE TENNIS;1687;1727
196;5.00;Bonne;16/07/2020;seller;43;Huck Occitania;1615;1136
197;4.00;Bonne;16/07/2020;product;9123;Filet de tennis Ø 3 mm - mailles doubles en partie haute;1615;1136
198;5.00;Livraison rapide et produits conformes;17/07/2020;seller;53;Innoquipe;1666;1211
199;5.00;Très pratiques;17/07/2020;product;9398;Cônes x50;1666;1211
200;5.00;"Parfait 
Couleurs sympas et ne glissent pas.";17/07/2020;product;9396;Disque de marquage;1666;1211
201;1.71;Je viens de revoir le colis, Emballage défectueux, à l'intérieur du colis : 1 trophée cassé et 2 trophées ébréchés.;20/07/2020;seller;64;Casal Sport;1705;942
202;1.00;"Je demande le remboursement ou le renvoie des 3 trophées abîmés.
Je peux vous envoyer les photos.
Habitué à mieux";20/07/2020;product;11373;TROPHEE RESINE TENNIS 13 CM;1705;942
203;5.00;internet et telephone pour les details;21/07/2020;seller;42;Tennis Scorer;1588;1236
204;5.00;;21/07/2020;product;8087;COMPACT RECTO VERSO + ADHÉSIF;1588;1236
205;3.29;PAS DE SOUCIS;22/07/2020;seller;65;Manutan Collectivités;1018;2181
206;2.00;PRODUIT COLLANT;22/07/2020;product;11033;Désinfectant IDOS 3000 - 5L;1018;2181
207;1.57;Livraison a la mauvaise adresse (adresse de facturation), produit manquant, livraison en retard... une cata;22/07/2020;seller;65;Manutan Collectivités;1618;2726
208;5.00;;22/07/2020;product;11039;Distributeur mural Joly Line 1L;1618;2726
209;5.00;Satisfait;24/07/2020;seller;34;F.F.T.;1706;942
210;5.00;Satisfait;24/07/2020;product;8015;MÉDAILLE GALAXIE TENNIS;1706;942
211;4.50;Aucun problème;25/07/2020;seller;2458;Ballbox;1633;1846
212;5.00;;25/07/2020;product;11078;BALLBOX - Le ramasse balles club !;1633;1846
213;4.71;Communication par mail;25/07/2020;seller;34;F.F.T.;1714;2208
214;4.00;un peu cher mais bon produit;25/07/2020;product;11057;Clé pour cadenas;1714;2208
215;5.00;Pas de contact;27/07/2020;seller;68;LSC Maintenance;1821;2979
216;5.00;;27/07/2020;product;7571;Carte perforée VINGCARD;1821;2979
217;5.00;"Parfait : je noterai simplement une incertitude au moment de la commande pour obtenir les cartes codes qui accompagnent la commande 
stipuler un commentaire reste incertain il vaudrait mieux cocher le nombre de carte code dans une commande";28/07/2020;seller;68;LSC Maintenance;1830;2880
218;5.00;parfait simple et efficace;28/07/2020;product;7571;Carte perforée VINGCARD;1830;2880
219;5.00;Nous avons acheté plusieurs serrures de ce type et le problème c’est que le prix a explosé en quelques années. Bien dommage. Nous nous posons la question de revenir à des serrures à clef basiques pour la mise en place sur 2 nouvelles serrures.;01/08/2020;seller;68;LSC Maintenance;1861;1704
220;4.00;Vieillit assez mal, serrure HS après 4 années. Refus du vendeur de nous fournir la pièce détachée défectueuse. Coût d’une nouvelle serrure prohibitif;01/08/2020;product;7568;Serrure d'accès court à cartes perforées pour porte grillagée (port compris);1861;1704
221;5.00;parfait;05/08/2020;seller;56;Sodex International;1778;1338
222;5.00;;05/08/2020;product;8389;Filet tressé à 3mm maille double avec bandes PVC;1778;1338
223;5.00;.;05/08/2020;seller;68;LSC Maintenance;1819;2975
224;5.00;Conforme à la description;05/08/2020;product;7571;Carte perforée VINGCARD;1819;2975
225;3.86;Les trois premiers filets sont arrivés 3 jours après la commande, le dernier filet 15 jours après et les deux sangles encore plus tard. Un suivi de colis catastrophique pour les deux derniers cités;06/08/2020;seller;56;Sodex International;1733;2028
226;5.00;;06/08/2020;product;8388;Filet tressé à 3mm, 6 mailles doubles;1733;2028
227;5.00;Déjà commandé  jamais de soucjs;07/08/2020;seller;68;LSC Maintenance;1949;3101
228;5.00;Bonne qualité;07/08/2020;product;7571;Carte perforée VINGCARD;1949;3101
229;3.21;manque facture sur une commande?;07/08/2020;seller;2756;CLICK FOR TENNIS;1760;2953
230;4.86;Livraison gratuite et ultra rapide !! (4 jours pour une commande de 4kg). Un très bon fournisseur. TC alby-sur-Chéran;11/08/2020;seller;68;LSC Maintenance;1883;2982
231;4.00;;11/08/2020;product;7568;Serrure d'accès court à cartes perforées pour porte grillagée (port compris);1883;2982
232;4.00;;11/08/2020;product;7571;Carte perforée VINGCARD;1883;2982
233;3.79;Pas de problème j’aimerais juste être prévenue par téléphone (j’ai donné mon no) pour être présente lors de la livraison, le Club -house étant souvent fermé;19/08/2020;seller;56;Sodex International;1944;326
234;5.00;;19/08/2020;product;8388;Filet tressé à 3mm, 6 mailles doubles;1944;326
235;5.00;"Parfait, commande facile à faire sur le site, suivi par mail efficace, délai de livraison au top.
Par contre, le prix du badge est élevé : 1,25 € par unité, donc par adhérent. C'est un coût pour un club.";19/08/2020;seller;68;LSC Maintenance;1990;3135
236;5.00;Produit déjà utilisé, pas de problème.;19/08/2020;product;7571;Carte perforée VINGCARD;1990;3135
237;4.29;délais entre la commande et la livraison trop long;19/08/2020;seller;71;Netsportique;1890;3068
238;4.79;conforme aux attentes;19/08/2020;seller;43;Huck Occitania;2001;3145
239;5.00;conforme aux attentes.;19/08/2020;product;9149;Régulateur (lot de 5);2001;3145
240;5.00;Excellente;20/08/2020;seller;68;LSC Maintenance;2047;235
241;5.00;;20/08/2020;product;7571;Carte perforée VINGCARD;2047;235
242;5.00;Mon achat est sur un produit commandé régulièrement.;21/08/2020;seller;68;LSC Maintenance;1962;2164
243;5.00;Il est conforme à mon besoin;21/08/2020;product;7571;Carte perforée VINGCARD;1962;2164
244;2.57;Produit ok mais transporteur à revoir. Le colis est arrivé abimé. Visiblement, un liquide s'était renversé et avait détrempé tout le carton qui était fixé avec beaucoup de scotch.;21/09/2020;seller;2756;CLICK FOR TENNIS;2398;2190
245;3.00;Assez cher;21/09/2020;product;11558;Pack distributeur mural et gel hydoalcoolique;2398;2190
246;5.00;pas de vendeur;21/09/2020;seller;34;F.F.T.;2510;3571
247;5.00;"balles gonflables pour enfants.
le problème est le cout de l'expédition par rapport au cout du produit.";21/09/2020;product;7552;BALLES VIOLETTES X 10;2510;3571
248;3.86;Satisfaisant;21/09/2020;seller;71;Netsportique;2401;3492
249;4.00;Nous aurions préféré avoir un support pour poser le filet plus large... la photo ne permet pas de se rendre compte ..;21/09/2020;product;9315;Paire de piquet de simple - Carrington;2401;3492
250;4.71;RAS;21/09/2020;seller;2756;CLICK FOR TENNIS;2342;3140
251;4.00;;21/09/2020;product;11553;Treuil à crémaillère;2342;3140
252;3.57;-;21/09/2020;seller;71;Netsportique;2531;145
253;3.00;-;21/09/2020;product;9299;Filet de tennis - Carrington - Mailles doubles de haut en bas - Ø3mm;2531;145
254;4.79;Pas e soucis sur produit acheté;21/09/2020;seller;2756;CLICK FOR TENNIS;2042;251
255;5.00;Super produit;21/09/2020;product;11558;Pack distributeur mural et gel hydoalcoolique;2042;251
256;5.00;RAS / nous passerons à nouveau commande aux besoins.;21/09/2020;seller;2756;CLICK FOR TENNIS;2084;3235
257;5.00;"produit conforme à la commande
emballage adapté
livraison dans les délais respectés";21/09/2020;product;11541;Lot de 10 ballons à paille ultra-légers spécial tennis;2084;3235
258;5.00;Ras rien à dire;21/09/2020;seller;59;VW Sports;2594;3637
259;5.00;Confirme au descriptif;21/09/2020;product;8186;Piquet simple acier;2594;3637
260;5.00;Conforme au descriptif - il reste à voir à l’usage;21/09/2020;product;10433;Brosse ligne;2594;3637
261;5.00;Ras rien à dire;21/09/2020;seller;34;F.F.T.;2595;3637
262;5.00;Confirme au descriptif -a voir à l’usage;21/09/2020;product;8009;RÉGULATEUR DE TENSION;2595;3637
263;5.00;Ras rien à dire;21/09/2020;seller;68;LSC Maintenance;2596;3637
264;5.00;Conforme au descriptif;21/09/2020;product;7571;Carte perforée VINGCARD;2596;3637
265;5.00;Conforme au descriptif;21/09/2020;product;7583;Kit entretien serrure à carte perforée;2596;3637
266;4.57;produit conforme a la commande seul bémol le livreur a fait une erreur de colis a la livraison  il a été obliger de repasser pour récupérer le mauvais colis et me donner le mien;21/09/2020;seller;59;VW Sports;2419;3486
267;4.00;;21/09/2020;product;10412;Banc 2m - blanc;2419;3486
268;5.00;Bien;21/09/2020;seller;68;LSC Maintenance;2522;3578
269;4.00;;21/09/2020;product;7571;Carte perforée VINGCARD;2522;3578
270;4.43;Ras;21/09/2020;seller;71;Netsportique;2597;3628
271;4.00;Ras;21/09/2020;product;10438;Filet de tennis Expert - Carrington - 3,5mm - Ultra Durable;2597;3628
272;4.00;Ras;21/09/2020;product;10961;Afficheur de score - Carrington - 60 x 46cm;2597;3628
273;4.86;"Un peu compliqué Au départ et commande ralentie à cause des vacances.
Le livreur devait me prévenir avant la livraison mais il m’a prévenu au dernier moment. Heureusement que je n’habite pas trop loin de l’installation sportive";21/09/2020;seller;43;Huck Occitania;1693;2784
274;5.00;Filet avec des bonnes finitions, très bon rendu, apprécié par les joueurs les balles ne passent plus en dessous;21/09/2020;product;10166;Filet de séparation extérieur - hauteur 3m - vendu au mètre lineaire;1693;2784
275;5.00;Que des félicitations!!!!;21/09/2020;seller;34;F.F.T.;2706;3676
276;5.00;RAS pour des clés;21/09/2020;product;11057;Clé pour cadenas;2706;3676
277;5.00;Excellente communication avec le livreur;21/09/2020;seller;43;Huck Occitania;2563;3612
278;5.00;Conforme à ce que l'on voulait;21/09/2020;product;9149;Régulateur (lot de 5);2563;3612
279;5.00;"Rapport qualité prix conforme à nos attentes. Produit de bonne qualité, livré rapidement car en stock.
Nous recommandons ce produit.";22/09/2020;seller;71;Netsportique;2390;3470
280;5.00;Produit de bonne qualité, conforme à nos attentes.;22/09/2020;product;10438;Filet de tennis Expert - Carrington - 3,5mm - Ultra Durable;2390;3470
281;5.00;"Bonjour,
Du fait de la multiplicité des vendeurs pour une commande, les frais de port sont TRES cher!  Je ne me rappelle pas avoir payé pour une commande de drapeaux FFT sur la centrale. Là oui. 
Niveau gestion : un mail par vendeur au lieu d'un mail groupé.
L'idée de réunir plusieurs professionnels, c'est bien et encore on trouve pas autant de chose qu'avant. 
Des progrès à faire..";22/09/2020;seller;34;F.F.T.;2757;3607
282;4.71;Vendeur réactif car le produit commandé était épuisé. Une demande par téléphone sur le changement de produit fut la bienvenue .;22/09/2020;seller;34;F.F.T.;2498;3550
283;5.00;;22/09/2020;product;11057;Clé pour cadenas;2498;3550
284;5.00;;22/09/2020;product;11070;Cadenas à chaîne;2498;3550
285;4.43;"Demande de changement de lieu de livraison, cela n'a pas été pris en compte.
Je viens aussi de demander une facture, car elle n'est pas en ligne sur ""mes commandes"".
Pas encore reçue, et elle n'est toujours pas en ligne.";22/09/2020;seller;2756;CLICK FOR TENNIS;1931;2640
286;5.00;C'est ce que l'on attendait.;22/09/2020;product;11567;Lot de 3 Mini vortex;1931;2640
287;5.00;C'est ce que l'on attendait.;22/09/2020;product;11568;Javelot vortex;1931;2640
288;4.00;N'a pas tenu compte des jours de livraison possibles.;25/09/2020;seller;71;Netsportique;2804;2739
289;5.00;RAS;25/09/2020;product;10438;Filet de tennis Expert - Carrington - 3,5mm - Ultra Durable;2804;2739
290;5.00;Commande parfaite, emballage et protection OK, délai de livraison très rapide.;25/09/2020;seller;34;F.F.T.;2748;3722
291;5.00;;25/09/2020;product;56054;Gobelet en fibre de bambou;2748;3722
292;5.00;;25/09/2020;product;8014;STYLO FFT;2748;3722
293;3.93;Impossible d’avoir une adresse de livraison et une autre adresse pour la facture !;25/09/2020;seller;34;F.F.T.;2858;326
294;5.00;Je répété ce que j’ai noté plus haut;25/09/2020;product;8009;RÉGULATEUR DE TENSION;2858;326
295;5.00;RAS;25/09/2020;seller;34;F.F.T.;2815;3774
296;5.00;RAS;25/09/2020;product;10223;Ballon Paille;2815;3774
297;5.00;RAS;25/09/2020;seller;69;SCFR Impex;2816;3774
298;5.00;RAS;25/09/2020;product;8187;BALLES MOUSSE EN VRAC 9cm;2816;3774
299;1.00;Commande toujours pas livrée !!;25/09/2020;seller;2756;CLICK FOR TENNIS;2475;172
300;1.00;;25/09/2020;product;11576;Lot de 2 régulateurs de tension avec velcro;2475;172
301;4.14;...;26/09/2020;seller;34;F.F.T.;2839;3800
302;3.21;correct;26/09/2020;seller;64;Casal Sport;611;1465
303;2.00;"Il manque toujours des factures , malgré plusieurs demande de notre part .
Dons pas satisfait...";26/09/2020;product;10286;ECHELLE D'ENTRAINEMENT INDOOR;611;1465
304;3.00;;26/09/2020;product;10260;CERCEAUX PLATS;611;1465
305;3.00;;26/09/2020;product;10367;VORTEX;611;1465
306;5.00;Commande traitée rapidement et avec professionnalisme;27/09/2020;seller;2717;EXTREME TENNIS;2840;3795
307;4.86;"bonjour, livraison rapide. Mais surpris de ne pas grouper les livraisons pour eviter plusieures frais de livraisons.
Sinon réception des produits conformes.";27/09/2020;seller;55;Cress Sport;2982;3321
308;5.00;;27/09/2020;product;8103;Echelle de rythme plate;2982;3321
309;3.29;J'ai commandé le 13/09 et j'ai reçu le colis le 24/09 car je suis intervenu auprès de proshop le 22/09.De plus, je trouve les frais de port exagérés.;28/09/2020;seller;59;VW Sports;2783;341
310;4.00;Le produit est conforme à nos attentes.;28/09/2020;product;8186;Piquet simple acier;2783;341
311;3.93;"produit conforme, date de livraison correcte, cependant un des colis était dans un carton ""SENSEO""à moitié cassé";29/09/2020;seller;2756;CLICK FOR TENNIS;2802;714
312;5.00;;29/09/2020;product;11561;Kit d'entraînement;2802;714
313;4.00;;29/09/2020;product;11574;Step 78 x 28 x 10/15/20 cm - 3 hauteurs;2802;714
314;4.50;BIEN;29/09/2020;seller;53;Innoquipe;2800;714
315;5.00;;29/09/2020;product;10097;lot de 3 balles de réaction dure 10 cm;2800;714
316;5.00;;29/09/2020;product;9402;Echelle d'agilité;2800;714
317;5.00;Parfait;30/09/2020;seller;68;LSC Maintenance;3112;4009
318;5.00;Parfait;30/09/2020;product;7571;Carte perforée VINGCARD;3112;4009
319;5.00;Excellent service;03/10/2020;seller;59;VW Sports;2872;3720
320;5.00;;03/10/2020;product;10082;Lance d'arrosage pour terrain tennis;2872;3720
321;4.71;BIEN;03/10/2020;seller;59;VW Sports;3028;380
322;5.00;;03/10/2020;product;8418;Rabot tradition;3028;380
323;4.43;En tant que Président de club je commande beaucoup. Dans l'ensemble je suis vraiment satisfait et je recommande. En revanche j'ai un point noir, c'est la livraison. Lors de ma commande il n'est pas possible de choisir directement un point relais, dommage quand on travaille c'est dur de savoir quand exactement on va être livré. J'avais noté de pouvoir m'appeler la veille afin de m'organiser pour la livraison et le livreur m'informe que cela n'est pas possible de tenir compte de mon souhait, du coup j'ai donné mon accord pour qu'il le laisse derrière le portail car j'en avais besoin pour le club mais quand il pleut c'est pas génial. Il m'informe aussi que pour le point relais c'est lorsque je reçois le message que je dois le dire mais là aussi quand le mail arrive dans les spam on ne le voit pas. Du coup c'est bête car on m'aurait appelé la veille j'aurais pu demander de suite un point relais et tout serait ok. Du coup oui je suis satisfait mais je reconnais réfléchir a peut être maintenant arrêter de commander sur le liste et directement dans un magasin pour plus de sécurité de réception du colis et pas être obligé de prendre des jours de congés pour attendre une livraison.;03/10/2020;seller;53;Innoquipe;2959;1086
324;5.00;Très satisfait du produit et les enfants aussi qui s'amusent vraiment.;03/10/2020;product;9399;Jeu de lancer de précision;2959;1086
325;3.36;"Très efficace pour la livraison et l'emballage des produits, mais les panneau de score son en langue étrangère et impossible de joindre le fournisseur ou Proshop de la FFT aucune réponse aucun recours.
Très dommage au vu du cout, la prochaine fois je commande sur un site chinois ...";03/10/2020;seller;71;Netsportique;3038;3918
326;2.29;"l'achat sur le site de PROSHOP rien de changé,  par rapport à l'ancienne version suivi par la fédération.
je pense qu'une communication honnête de la fédération aurai des plus préjudiciable pour expliquer le pourquoi du comment ""un privé"" reprend les ite d'achat.";03/10/2020;seller;59;VW Sports;3060;485
327;3.00;"le produit est le meilleur mais le site à l'exclusivité  de certain produit donc pas facile du tout de comparer et de vérifier les prix.
Les frais de livraison sont trop élevé surtout que nous sommes livrés par trois livreurs différents pour trois produits différents.
a l'avenir le club prendra une autre décision pour les différents produits du club. 
Voir site à l'étranger.
Désolé mais il faut le dire maintenant  ce qui ne vas pas 
La fédération ne fait plus d'effort pour cela .
Sportivement
Philippe CHIMIER 
trésorier du club";03/10/2020;product;10414;Régulateur haut de gamme coton;3060;485
328;5.00;1ère et très bonne expérience............;05/10/2020;seller;2717;EXTREME TENNIS;3151;4059
329;3.29;Délai anormalement long;05/10/2020;seller;71;Netsportique;2876;3320
330;4.00;bon produit;05/10/2020;product;9321;Afficheur de score - Carrington - 82 x 58cm;2876;3320
331;4.79;Très rapide et produit en bon état;05/10/2020;seller;2717;EXTREME TENNIS;3078;3968
332;4.43;"Je n'ai pas eu d'expérience avec ce vendeur. Ce considère que si les produits sont sur le site de la FFT c'est qu'ils ont fait leur preuve
Cordialement";06/10/2020;seller;64;Casal Sport;3008;3890
333;5.00;;06/10/2020;product;10312;LIGNES DE DELIMITATION;3008;3890
334;5.00;;06/10/2020;product;11365;Lot de 40 plots Multi-Marker original avec support de transport;3008;3890
335;4.50;Difficile de trouver le produit recherché sur le site;06/10/2020;seller;34;F.F.T.;3081;3971
336;5.00;Bien;06/10/2020;product;8015;MÉDAILLE GALAXIE TENNIS;3081;3971
337;5.00;ENVOI PARFAIT DANS UN DELAI COURT;07/10/2020;seller;68;LSC Maintenance;3265;2734
338;5.00;CONFORME A NOTRE ATTENTE;07/10/2020;product;7571;Carte perforée VINGCARD;3265;2734
339;5.00;1 achat donc pas d'experience;07/10/2020;seller;59;VW Sports;3123;2460
340;4.00;;07/10/2020;product;10464;Treuil à crémaillère;3123;2460
341;4.43;Parfait;11/10/2020;seller;34;F.F.T.;1911;3072
342;5.00;Nickel;11/10/2020;product;11496;Lot de 25 gourdes «FFT s'engage»;1911;3072
343;3.79;BB;11/10/2020;seller;56;Sodex International;3059;485
344;4.00;;11/10/2020;product;8388;Filet tressé à 3mm, 6 mailles doubles;3059;485
345;5.00;PARFAIT;12/10/2020;seller;2756;CLICK FOR TENNIS;3130;243
346;5.00;;12/10/2020;product;11555;Gel Hydroalcoolique - 100 ml;3130;243
347;5.00;;12/10/2020;product;11557;Gel Hydroalcoolique - 1 Litre;3130;243
348;3.86;le délai de livraison est pas précis, les factures sont jamais en ligne;12/10/2020;seller;34;F.F.T.;3266;243
349;5.00;;12/10/2020;product;77777;Carnet FFT;3266;243
350;2.00;"délai de livraison trop long
livraison non effectuée à la date prévue";12/10/2020;seller;2756;CLICK FOR TENNIS;3120;322
351;1.00;;12/10/2020;product;97338;Trophée tennis féminin - 15 cm;3120;322
352;1.00;;12/10/2020;product;97339;Trophée tennis masculin - 15 cm;3120;322
353;3.00;;12/10/2020;product;97329;Lot de 12 coupes de 21 à 28 cm;3120;322
354;3.00;;12/10/2020;product;97330;Coupe OR - 30 cm;3120;322
355;4.29;Le délai de livraison est un peu long.;14/10/2020;seller;56;Sodex International;3064;204
356;4.00;;14/10/2020;product;8388;Filet tressé à 3mm, 6 mailles doubles;3064;204
357;1.93;Emballage moyen ainsi que les protections car 2 articles sont arrivés CASSES.;14/10/2020;seller;2756;CLICK FOR TENNIS;3128;489
358;1.00;"2 colis sur 3 arrivés dont  1 complètement détérioré : je renvoie le tout Car il manque le plus cher, supposé perdu vu l’état du carton 
Et maintenant je n’ai plus rien sauf 1 envoi ( les cônes arrivés mercredi ) 
Donc beaucoup de dérangement et une livraison pour l’heure incomplète ( depuis 1 mois )";15/10/2020;seller;64;Casal Sport;2980;3273
359;3.00;;15/10/2020;product;10270;CONES COULEURS PVC;2980;3273
360;4.57;Rapide et efficace;16/10/2020;seller;71;Netsportique;3279;4194
361;5.00;Comme je voulais;16/10/2020;product;10548;Brosse-pieds chaussures en bois - Carrington;3279;4194
362;5.00;Satisfaction complète du vendeur. livraison rapide et parfaite.;16/10/2020;seller;71;Netsportique;3337;4249
363;5.00;Produit conforme en tout point à la description.;16/10/2020;product;10438;Filet de tennis Expert - Carrington - 3,5mm - Ultra Durable;3337;4249
364;4.00;Marque de réactivité pour envoi des factures pas la peine de leur téléphoner faut attendre qu'elle soient en ligne sur proshop;16/10/2020;seller;43;Huck Occitania;3136;141
365;4.00;Bel aspect une fois posé faudra attendre pour voir dans le temps;16/10/2020;product;9382;Brise-vent 200 g/m² 18 x 2 m - polyéthylène;3136;141
366;5.00;Ras;17/10/2020;seller;34;F.F.T.;3438;4334
367;5.00;Ras;17/10/2020;product;10144;CASQUETTE COQ FRANCE;3438;4334
368;4.00;Ras;17/10/2020;product;10147;DUO DE POIGNET FRANCE;3438;4334
369;5.00;Ras;17/10/2020;product;10157;TEE SHIRT DRAPEAU FFT HOMME;3438;4334
370;4.86;Produit en conformité;18/10/2020;seller;34;F.F.T.;3461;4352
371;5.00;;18/10/2020;product;8019;ETABLISSEMENT DES TABLEAUX - METHODE;3461;4352
372;5.00;;18/10/2020;product;8020;ETABLISSEMENT DES TABLEAUX - EXERCICES;3461;4352
373;4.64;Produits de qualité, neufs;18/10/2020;seller;34;F.F.T.;3593;4504
374;4.00;;18/10/2020;product;9027;SWEAT HOMME FFT;3593;4504
375;4.00;;18/10/2020;product;10144;CASQUETTE COQ FRANCE;3593;4504
376;4.43;Ras;19/10/2020;seller;55;Cress Sport;2843;3805
377;5.00;Parfait conforme à nos attentes;19/10/2020;product;8089;Cerceaux souples anti-dérapants;2843;3805
378;4.21;Livraison colissimo sans pb;20/10/2020;seller;43;Huck Occitania;3305;4005
379;4.00;;20/10/2020;product;9141;Régulateur;3305;4005
380;4.07;prévenir  (tél, sms, ou mail ) avant la livraison et la veille si possible;20/10/2020;seller;71;Netsportique;3306;4005
381;5.00;;20/10/2020;product;9315;Paire de piquet de simple - Carrington;3306;4005
382;5.00;Rien à dire de plus que je suis pleinement satisfait ! M;21/10/2020;seller;68;LSC Maintenance;3533;4408
383;5.00;;21/10/2020;product;7571;Carte perforée VINGCARD;3533;4408
384;4.71;Dans l’ensemble satisfaite;21/10/2020;seller;34;F.F.T.;3562;4441
385;5.00;;21/10/2020;product;8016;STATUTS ET REGLEMENTS;3562;4441
386;5.00;;21/10/2020;product;8017;JUGE ARBITRE;3562;4441
387;5.00;;21/10/2020;product;8018;L'ARBITRAGE EN 255 QUESTIONS;3562;4441
388;2.00;Déçue par la qualité de la toile;21/10/2020;product;8012;SAC POLOCHON;3562;4441
389;5.00;;21/10/2020;product;8004;MÈTRE D'ARBITRAGE FFT;3562;4441
390;5.00;;21/10/2020;product;8005;CHRONOMÈTRE D'ARBITRAGE;3562;4441
391;4.71;Satisfait du site.  Mon seul regret,les frais de port que je trouve élever. Pourquoi ne pas proposer une livraison en dépôt relais gratuite comme bcp de site .;22/10/2020;seller;34;F.F.T.;3573;834
392;5.00;Très bonne qualité du produit. Très agréable à porter et pratique.;22/10/2020;product;9027;SWEAT HOMME FFT;3573;834
393;5.00;Belle casquette au couleur tricolore . Rien à redire.;22/10/2020;product;10144;CASQUETTE COQ FRANCE;3573;834
394;5.00;super disponibilité;22/10/2020;seller;34;F.F.T.;3537;4418
395;5.00;;22/10/2020;product;8016;STATUTS ET REGLEMENTS;3537;4418
396;3.71;"Obliger de demander la facture au vendeur pour l'obtenir.
La facture devrait systématiquement être envoyée avec le matériel ou accessible comme avant avec la centrale du club.";24/10/2020;seller;71;Netsportique;3560;969
397;4.00;;24/10/2020;product;10438;Filet de tennis Expert - Carrington - 3,5mm - Ultra Durable;3560;969
398;3.57;"Pas de réponse de celui-ci concernant la demande de facture qui devrait être envoyée d'ailleurs sans avoir à le réclamer; c'est un minimum quand on achète pour le compte d'un club.";25/10/2020;seller;43;Huck Occitania;3561;969
399;4.00;;25/10/2020;product;9141;Régulateur;3561;969
400;4.00;;25/10/2020;product;9356;Mousquetons zingués pour filet brise-vent/brise-vue;3561;969
401;3.00;Le pourtour du filet pourrait être davantage renforcé pour éviter que les œillets ne s'arrachent sous l'effet du vent;25/10/2020;product;9379;Brise-vent 200 g/m² 12 x 2 m - polyéthylène;3561;969
402;4.00;rien a redire;25/10/2020;seller;43;Huck Occitania;3058;485
403;4.00;rien a redire;25/10/2020;product;9744;Filet fond de court extérieur - hauteur 2,5m - vendu au mètre linéaire;3058;485
404;4.71;Aucun souci, peut être nous avertir la veille quand il passe pour qu'on soit présent;29/10/2020;seller;34;F.F.T.;3598;1765
405;5.00;Bon produit et enfin on peut gonfler facilement les ballons paille, ce qui n'était pas le cas avant...;29/10/2020;product;10223;Ballon Paille;3598;1765
406;5.00;xxxx;29/10/2020;seller;71;Netsportique;3629;4568
407;5.00;xxx;29/10/2020;product;10438;Filet de tennis Expert - Carrington - 3,5mm - Ultra Durable;3629;4568
408;2.50;"Il a fallu que je me connecte à Proshop au bout d'une semaine pour apprendre que le matériel commandé était en rupture de stock. De ce fait, les délais de livraison ont été considérablement allongés. De plus, les frais de port sont disproportionnés (égal au matériel commandé). 
C'est inadmissible.";02/11/2020;seller;64;Casal Sport;3107;341
409;3.00;Non encore utilisé du fait de la livraison tardive et le confinement.;02/11/2020;product;10364;TEE BALL FRAPETTO;3107;341
410;3.86;Centrale du club FFT;03/11/2020;seller;2756;CLICK FOR TENNIS;3659;3447
411;5.00;;03/11/2020;product;97322;Lot de 100 médailles en OR DX - 40mm;3659;3447
412;5.00;;03/11/2020;product;97328;Lot de 100 rubans Bleu/Blanc/Rouge - 22 mm;3659;3447
413;5.00;Parfait précis pro;04/11/2020;seller;68;LSC Maintenance;3752;2879
414;5.00;Correspond à mes attentes;04/11/2020;product;7571;Carte perforée VINGCARD;3752;2879
